sample_id,market_regime_label,spy_trend_label,qqq_trend_label,market_volatility_label,candidate_count,win_count,loss_count,total_pnl_dollars,average_pnl_dollars,average_forward_return_20d,worst_trade_pnl_dollars,simulated_win_rate
0,MIXED,SPY_BELOW_20_ABOVE_50,UNKNOWN_QQQ_DATA,LOW_VOL,2,0,2,-27.009710463115113,-13.504855231557556,-0.11872604216424254,-19.08302080590383,0.0
0,RISK_OFF,SPY_BELOW_20_50,UNKNOWN_QQQ_DATA,LOW_VOL,2,0,2,-18.884966456413252,-9.442483228206626,-0.0012302826331545003,-12.54532046985625,0.0
0,RISK_OFF,SPY_BELOW_20_50,UNKNOWN_QQQ_DATA,MEDIUM_VOL,2,1,1,1.5973304271698225,0.7986652135849113,0.09448812083265912,-15.801786218643173,0.5
0,RISK_ON,SPY_ABOVE_20_50,UNKNOWN_QQQ_DATA,LOW_VOL,19,7,12,30.566537701198456,1.6087651421683398,0.04263360326191894,-21.219222138813535,0.3684210526315789
0,RISK_ON,SPY_ABOVE_20_50,UNKNOWN_QQQ_DATA,MEDIUM_VOL,3,2,1,60.61659098870416,20.205530329568052,0.2220862005833273,-24.845130641392274,0.6666666666666666
0,UNKNOWN_MARKET_DATA,SPY_TREND_UNKNOWN,UNKNOWN_QQQ_DATA,LOW_VOL,3,3,0,35.271590542929545,11.757196847643181,0.18338659508720348,9.230617177145831,1.0
0,UNKNOWN_MARKET_DATA,SPY_TREND_UNKNOWN,UNKNOWN_QQQ_DATA,VOL_UNKNOWN,3,1,2,-2.545541716984303,-0.8485139056614344,0.8844158145187698,-8.282342733110681,0.3333333333333333
1,MIXED,SPY_BELOW_20_ABOVE_50,UNKNOWN_QQQ_DATA,LOW_VOL,3,1,2,-27.029868868691437,-9.009956289563812,-0.1467988295906322,-41.07003818075992,0.3333333333333333
1,RISK_OFF,SPY_ABOVE_20_50,UNKNOWN_QQQ_DATA,HIGH_VOL,1,1,0,15.535282869611478,15.535282869611478,0.24506747379267413,15.535282869611478,1.0
1,RISK_OFF,SPY_ABOVE_20_BELOW_50,UNKNOWN_QQQ_DATA,HIGH_VOL,1,0,1,-14.32539400822776,-14.32539400822776,0.014393980060837253,-14.32539400822776,0.0
1,RISK_OFF,SPY_BELOW_20_50,UNKNOWN_QQQ_DATA,LOW_VOL,6,2,4,-72.31623736463254,-12.052706227438756,-0.05572784545129145,-28.94973507690429,0.3333333333333333
1,RISK_ON,SPY_ABOVE_20_50,UNKNOWN_QQQ_DATA,LOW_VOL,20,14,6,309.9820934628085,15.499104673140426,0.0586935727210686,-32.51951384190147,0.7
1,RISK_ON,SPY_ABOVE_20_50,UNKNOWN_QQQ_DATA,MEDIUM_VOL,1,0,1,-15.48269427462985,-15.48269427462985,0.07067665916562382,-15.48269427462985,0.0
1,UNKNOWN_MARKET_DATA,SPY_TREND_UNKNOWN,UNKNOWN_QQQ_DATA,LOW_VOL,1,1,0,9.904160003662113,9.904160003662113,0.12118638376160984,9.904160003662113,1.0
1,UNKNOWN_MARKET_DATA,SPY_TREND_UNKNOWN,UNKNOWN_QQQ_DATA,VOL_UNKNOWN,1,1,0,18.973516087123343,18.973516087123343,0.8053594991854505,18.973516087123343,1.0
2,MIXED,SPY_ABOVE_20_BELOW_50,UNKNOWN_QQQ_DATA,MEDIUM_VOL,1,0,1,-16.906981891904564,-16.906981891904564,0.10168138358980738,-16.906981891904564,0.0
2,MIXED,SPY_BELOW_20_ABOVE_50,UNKNOWN_QQQ_DATA,LOW_VOL,4,1,3,-18.38087957273197,-4.595219893182993,0.07223405419630613,-18.48000627136227,0.25
2,RISK_OFF,SPY_ABOVE_20_BELOW_50,UNKNOWN_QQQ_DATA,HIGH_VOL,1,1,0,6.266578170776398,6.266578170776398,0.003767839889658342,6.266578170776398,1.0
2,RISK_OFF,SPY_BELOW_20_50,UNKNOWN_QQQ_DATA,LOW_VOL,3,1,2,-25.004073642185716,-8.334691214061905,0.03174782026183579,-19.429655757359086,0.3333333333333333
2,RISK_OFF,SPY_BELOW_20_50,UNKNOWN_QQQ_DATA,MEDIUM_VOL,2,2,0,20.327603617259484,10.163801808629742,0.04895075445218777,5.514001722335848,1.0
2,RISK_ON,SPY_ABOVE_20_50,UNKNOWN_QQQ_DATA,LOW_VOL,18,11,7,201.85880115202517,11.214377841779175,0.12792462967526036,-26.62599545587807,0.6111111111111112
2,RISK_ON,SPY_ABOVE_20_50,UNKNOWN_QQQ_DATA,MEDIUM_VOL,3,1,2,14.258921627862165,4.752973875954055,0.09251304018621272,-13.3366083567483,0.3333333333333333
2,UNKNOWN_MARKET_DATA,SPY_TREND_UNKNOWN,UNKNOWN_QQQ_DATA,LOW_VOL,2,0,2,-13.390954335348937,-6.695477167674468,0.026261260662411523,-8.053160481044216,0.0
2,UNKNOWN_MARKET_DATA,SPY_TREND_UNKNOWN,UNKNOWN_QQQ_DATA,VOL_UNKNOWN,2,1,1,18.027470783233653,9.013735391616827,0.23968148313585863,-2.250843976157057,0.5
3,MIXED,SPY_BELOW_20_ABOVE_50,UNKNOWN_QQQ_DATA,LOW_VOL,3,0,3,-14.745016932078748,-4.915005644026249,0.23517926489580687,-7.178571281433101,0.0
3,RISK_OFF,SPY_BELOW_20_50,UNKNOWN_QQQ_DATA,LOW_VOL,3,0,3,-14.765639133044623,-4.921879711014874,-0.027772326962133647,-8.931253384181417,0.0
3,RISK_OFF,SPY_BELOW_20_50,UNKNOWN_QQQ_DATA,MEDIUM_VOL,3,1,2,3.278227396011374,1.0927424653371247,0.0215635139595269,-4.043743558611183,0.3333333333333333
3,RISK_ON,SPY_ABOVE_20_50,UNKNOWN_QQQ_DATA,LOW_VOL,23,9,14,7.279213729245463,0.31648755344545487,0.0022668384185820004,-18.81174329158236,0.391304347826087
3,RISK_ON,SPY_ABOVE_20_50,UNKNOWN_QQQ_DATA,MEDIUM_VOL,4,0,4,-20.964355267524702,-5.241088816881176,-0.025029206557016515,-7.569344681876046,0.0
3,UNKNOWN_MARKET_DATA,SPY_TREND_UNKNOWN,UNKNOWN_QQQ_DATA,LOW_VOL,1,1,0,5.188223329816537,5.188223329816537,0.25982436695731326,5.188223329816537,1.0
3,UNKNOWN_MARKET_DATA,SPY_TREND_UNKNOWN,UNKNOWN_QQQ_DATA,VOL_UNKNOWN,1,0,1,-4.776099213736387,-4.776099213736387,-0.14501631141518567,-4.776099213736387,0.0
4,MIXED,SPY_ABOVE_20_BELOW_50,UNKNOWN_QQQ_DATA,MEDIUM_VOL,1,1,0,14.246214494977707,14.246214494977707,0.40035112629435754,14.246214494977707,1.0
4,MIXED,SPY_BELOW_20_ABOVE_50,UNKNOWN_QQQ_DATA,LOW_VOL,1,0,1,-7.139678483145573,-7.139678483145573,-0.5140638137044042,-7.139678483145573,0.0
4,RISK_OFF,SPY_BELOW_20_50,UNKNOWN_QQQ_DATA,HIGH_VOL,1,0,1,-5.919937664576935,-5.919937664576935,-0.10474757312532934,-5.919937664576935,0.0
4,RISK_OFF,SPY_BELOW_20_50,UNKNOWN_QQQ_DATA,LOW_VOL,3,0,3,-4.200873875481733,-1.4002912918272443,0.00984637193431622,-2.2228382377624456,0.0
4,RISK_OFF,SPY_BELOW_20_50,UNKNOWN_QQQ_DATA,MEDIUM_VOL,2,0,2,-9.547329730170091,-4.7736648650850455,-0.051505596116790564,-5.876542335237772,0.0
4,RISK_ON,SPY_ABOVE_20_50,UNKNOWN_QQQ_DATA,LOW_VOL,18,6,11,-21.85636806174672,-1.285668709514513,-0.03383530391177415,-25.606286644118143,0.3333333333333333
4,RISK_ON,SPY_ABOVE_20_50,UNKNOWN_QQQ_DATA,MEDIUM_VOL,3,1,2,-0.7155935339927808,-0.2385311779975936,0.06751631864328374,-8.479629467827934,0.3333333333333333
4,UNKNOWN_MARKET_DATA,SPY_TREND_UNKNOWN,UNKNOWN_QQQ_DATA,LOW_VOL,2,0,2,-16.632633732455105,-8.316316866227552,-0.07714456731365799,-13.537699537072854,0.0
4,UNKNOWN_MARKET_DATA,SPY_TREND_UNKNOWN,UNKNOWN_QQQ_DATA,VOL_UNKNOWN,1,0,1,-5.072272909981862,-5.072272909981862,-0.11832216998329881,-5.072272909981862,0.0
5,MIXED,SPY_BELOW_20_ABOVE_50,UNKNOWN_QQQ_DATA,LOW_VOL,1,1,0,7.120161224365248,7.120161224365248,0.07059997558593745,7.120161224365248,1.0
5,RISK_OFF,SPY_BELOW_20_50,UNKNOWN_QQQ_DATA,HIGH_VOL,1,0,1,-6.742319389343251,-6.742319389343251,-0.0654424411797736,-6.742319389343251,0.0
5,RISK_OFF,SPY_BELOW_20_50,UNKNOWN_QQQ_DATA,LOW_VOL,2,2,0,25.076195422376927,12.538097711188463,0.05595558592351407,9.71287801688058,1.0
5,RISK_OFF,SPY_BELOW_20_50,UNKNOWN_QQQ_DATA,MEDIUM_VOL,1,1,0,3.0621577091217063,3.0621577091217063,0.0358606288400618,3.0621577091217063,1.0
5,RISK_ON,SPY_ABOVE_20_50,UNKNOWN_QQQ_DATA,LOW_VOL,19,7,12,29.941686920983614,1.5758782589991376,-0.01276540515291106,-20.982790684563767,0.3684210526315789
5,RISK_ON,SPY_ABOVE_20_50,UNKNOWN_QQQ_DATA,MEDIUM_VOL,1,0,1,-8.357827068328845,-8.357827068328845,0.10798111187673687,-8.357827068328845,0.0
5,UNKNOWN_MARKET_DATA,SPY_TREND_UNKNOWN,UNKNOWN_QQQ_DATA,LOW_VOL,2,0,2,-23.81542181600841,-11.907710908004205,-0.43021940681750115,-13.331545496668127,0.0
5,UNKNOWN_MARKET_DATA,SPY_TREND_UNKNOWN,UNKNOWN_QQQ_DATA,VOL_UNKNOWN,1,0,1,-4.848829164777484,-4.848829164777484,0.9887702099154381,-4.848829164777484,0.0
6,MIXED,SPY_BELOW_20_ABOVE_50,UNKNOWN_QQQ_DATA,LOW_VOL,2,0,2,-27.009710463115113,-13.504855231557556,-0.11872604216424254,-19.08302080590383,0.0
6,RISK_OFF,SPY_BELOW_20_50,UNKNOWN_QQQ_DATA,LOW_VOL,2,0,2,-20.27889095306395,-10.139445476531975,-0.0012302826331545003,-13.939244966506948,0.0
6,RISK_OFF,SPY_BELOW_20_50,UNKNOWN_QQQ_DATA,MEDIUM_VOL,1,1,0,17.399116645812995,17.399116645812995,0.15294895735528224,17.399116645812995,1.0
6,RISK_ON,SPY_ABOVE_20_50,UNKNOWN_QQQ_DATA,LOW_VOL,20,8,12,30.648409311294927,1.5324204655647464,0.038787594263095,-23.273088002886112,0.4
6,RISK_ON,SPY_ABOVE_20_50,UNKNOWN_QQQ_DATA,MEDIUM_VOL,3,2,1,58.55316604082927,19.517722013609756,0.2220862005833273,-24.845130641392274,0.6666666666666666
6,UNKNOWN_MARKET_DATA,SPY_TREND_UNKNOWN,UNKNOWN_QQQ_DATA,LOW_VOL,3,3,0,35.271590542929545,11.757196847643181,0.18338659508720348,9.230617177145831,1.0
6,UNKNOWN_MARKET_DATA,SPY_TREND_UNKNOWN,UNKNOWN_QQQ_DATA,VOL_UNKNOWN,3,1,2,-2.545541716984303,-0.8485139056614344,0.8844158145187698,-8.282342733110681,0.3333333333333333
7,MIXED,SPY_BELOW_20_ABOVE_50,UNKNOWN_QQQ_DATA,LOW_VOL,3,1,2,-22.530388327598473,-7.510129442532825,-0.1467988295906322,-34.225031817299964,0.3333333333333333
7,RISK_OFF,SPY_ABOVE_20_50,UNKNOWN_QQQ_DATA,HIGH_VOL,1,1,0,15.535282869611478,15.535282869611478,0.24506747379267413,15.535282869611478,1.0
7,RISK_OFF,SPY_ABOVE_20_BELOW_50,UNKNOWN_QQQ_DATA,HIGH_VOL,1,0,1,-15.627702554430272,-15.627702554430272,0.014393980060837253,-15.627702554430272,0.0
7,RISK_OFF,SPY_BELOW_20_50,UNKNOWN_QQQ_DATA,LOW_VOL,5,1,4,-62.741806323460025,-12.548361264692005,-0.09167110878847884,-20.67838219778878,0.2
7,RISK_ON,SPY_ABOVE_20_50,UNKNOWN_QQQ_DATA,LOW_VOL,21,13,8,211.1762950850902,10.056014051670962,0.04239687563650595,-26.42210499654493,0.6190476190476191
7,RISK_ON,SPY_ABOVE_20_50,UNKNOWN_QQQ_DATA,MEDIUM_VOL,1,0,1,-15.48269427462985,-15.48269427462985,0.07067665916562382,-15.48269427462985,0.0
7,UNKNOWN_MARKET_DATA,SPY_TREND_UNKNOWN,UNKNOWN_QQQ_DATA,LOW_VOL,1,1,0,9.904160003662113,9.904160003662113,0.12118638376160984,9.904160003662113,1.0
7,UNKNOWN_MARKET_DATA,SPY_TREND_UNKNOWN,UNKNOWN_QQQ_DATA,VOL_UNKNOWN,1,1,0,18.973516087123343,18.973516087123343,0.8053594991854505,18.973516087123343,1.0
8,MIXED,SPY_ABOVE_20_BELOW_50,UNKNOWN_QQQ_DATA,MEDIUM_VOL,1,0,1,-13.525585513523623,-13.525585513523623,0.10168138358980738,-13.525585513523623,0.0
8,MIXED,SPY_BELOW_20_ABOVE_50,UNKNOWN_QQQ_DATA,LOW_VOL,4,1,3,-12.472447550092312,-3.118111887523078,0.07223405419630613,-14.520004927498917,0.25
8,RISK_OFF,SPY_ABOVE_20_BELOW_50,UNKNOWN_QQQ_DATA,HIGH_VOL,1,1,0,5.222148475647003,5.222148475647003,0.003767839889658342,5.222148475647003,1.0
8,RISK_OFF,SPY_BELOW_20_50,UNKNOWN_QQQ_DATA,LOW_VOL,3,1,2,-16.8991241907392,-5.633041396913067,0.008923083933372156,-14.572241818019307,0.3333333333333333
8,RISK_OFF,SPY_BELOW_20_50,UNKNOWN_QQQ_DATA,MEDIUM_VOL,2,2,0,15.337602741650215,7.668801370825108,0.04895075445218777,4.2274013204574885,1.0
8,RISK_ON,SPY_ABOVE_20_50,UNKNOWN_QQQ_DATA,LOW_VOL,17,10,7,118.89382671710452,6.993754512770854,0.11713457981587806,-20.481534966060053,0.5882352941176471
8,RISK_ON,SPY_ABOVE_20_50,UNKNOWN_QQQ_DATA,MEDIUM_VOL,3,1,2,13.448358470916773,4.482786156972257,0.09251304018621272,-10.669286685398646,0.3333333333333333
8,UNKNOWN_MARKET_DATA,SPY_TREND_UNKNOWN,UNKNOWN_QQQ_DATA,LOW_VOL,3,0,3,-19.14122373689922,-6.380407912299741,-0.09480584500383742,-8.053160481044216,0.0
8,UNKNOWN_MARKET_DATA,SPY_TREND_UNKNOWN,UNKNOWN_QQQ_DATA,VOL_UNKNOWN,2,1,1,18.027470783233653,9.013735391616827,0.23968148313585863,-2.250843976157057,0.5
9,MIXED,SPY_BELOW_20_ABOVE_50,UNKNOWN_QQQ_DATA,LOW_VOL,3,0,3,-25.51287385422839,-8.504291284742797,0.23517926489580687,-17.94642820358274,0.0
9,RISK_OFF,SPY_BELOW_20_50,UNKNOWN_QQQ_DATA,LOW_VOL,3,1,2,-1.7597166030066091,-0.5865722010022031,0.10955756049760401,-6.721947789873383,0.3333333333333333
9,RISK_OFF,SPY_BELOW_20_50,UNKNOWN_QQQ_DATA,MEDIUM_VOL,3,1,2,-2.9947226333618033,-0.9982408777872678,0.0215635139595269,-8.087487117222366,0.3333333333333333
9,RISK_ON,SPY_ABOVE_20_50,UNKNOWN_QQQ_DATA,LOW_VOL,24,11,13,137.09705521569973,5.712377300654155,0.01103766877976344,-18.831930202756595,0.4583333333333333
9,RISK_ON,SPY_ABOVE_20_50,UNKNOWN_QQQ_DATA,MEDIUM_VOL,3,0,3,-30.550159441130504,-10.183386480376834,-0.06787716340718908,-11.825917919703897,0.0
9,UNKNOWN_MARKET_DATA,SPY_TREND_UNKNOWN,UNKNOWN_QQQ_DATA,LOW_VOL,1,1,0,5.188223329816537,5.188223329816537,0.25982436695731326,5.188223329816537,1.0
9,UNKNOWN_MARKET_DATA,SPY_TREND_UNKNOWN,UNKNOWN_QQQ_DATA,VOL_UNKNOWN,1,0,1,-4.776099213736387,-4.776099213736387,-0.14501631141518567,-4.776099213736387,0.0
10,MIXED,SPY_ABOVE_20_BELOW_50,UNKNOWN_QQQ_DATA,MEDIUM_VOL,1,1,0,14.246214494977707,14.246214494977707,0.40035112629435754,14.246214494977707,1.0
10,MIXED,SPY_BELOW_20_ABOVE_50,UNKNOWN_QQQ_DATA,LOW_VOL,1,0,1,-7.139678483145573,-7.139678483145573,-0.5140638137044042,-7.139678483145573,0.0
10,RISK_OFF,SPY_BELOW_20_50,UNKNOWN_QQQ_DATA,HIGH_VOL,1,0,1,-8.879906496865402,-8.879906496865402,-0.10474757312532934,-8.879906496865402,0.0
10,RISK_OFF,SPY_BELOW_20_50,UNKNOWN_QQQ_DATA,LOW_VOL,3,0,3,-4.200873875481719,-1.4002912918272397,0.00984637193431622,-2.2228382377624456,0.0
10,RISK_OFF,SPY_BELOW_20_50,UNKNOWN_QQQ_DATA,MEDIUM_VOL,1,0,1,-4.129635819298855,-4.129635819298855,-0.07228918315975852,-4.129635819298855,0.0
10,RISK_ON,SPY_ABOVE_20_50,UNKNOWN_QQQ_DATA,LOW_VOL,19,7,12,-24.38409124646852,-1.2833732234983433,-0.03853160993926921,-30.530572537217793,0.3684210526315789
10,RISK_ON,SPY_ABOVE_20_50,UNKNOWN_QQQ_DATA,MEDIUM_VOL,3,1,2,0.181452063628619,0.06048402120953966,0.06751631864328374,-9.892901045799249,0.3333333333333333
10,UNKNOWN_MARKET_DATA,SPY_TREND_UNKNOWN,UNKNOWN_QQQ_DATA,LOW_VOL,1,0,1,-3.094934195382251,-3.094934195382251,0.2792368721536942,-3.094934195382251,0.0
10,UNKNOWN_MARKET_DATA,SPY_TREND_UNKNOWN,UNKNOWN_QQQ_DATA,VOL_UNKNOWN,1,0,1,-5.072272909981862,-5.072272909981862,-0.11832216998329881,-5.072272909981862,0.0
11,MIXED,SPY_BELOW_20_ABOVE_50,UNKNOWN_QQQ_DATA,LOW_VOL,1,1,0,7.120161224365248,7.120161224365248,0.07059997558593745,7.120161224365248,1.0
11,RISK_OFF,SPY_BELOW_20_50,UNKNOWN_QQQ_DATA,HIGH_VOL,1,0,1,-6.742319389343251,-6.742319389343251,-0.0654424411797736,-6.742319389343251,0.0
11,RISK_OFF,SPY_BELOW_20_50,UNKNOWN_QQQ_DATA,LOW_VOL,2,2,0,26.6933867282186,13.3466933641093,0.05595558592351407,9.712878016880566,1.0
11,RISK_OFF,SPY_BELOW_20_50,UNKNOWN_QQQ_DATA,MEDIUM_VOL,2,1,1,-5.752655793734959,-2.8763278968674797,0.002569309883119597,-8.814813502856666,0.5
11,RISK_ON,SPY_ABOVE_20_50,UNKNOWN_QQQ_DATA,LOW_VOL,18,7,11,37.810612000397484,2.100589555577638,0.0013783007252916961,-22.731356574944087,0.3888888888888889
11,RISK_ON,SPY_ABOVE_20_50,UNKNOWN_QQQ_DATA,MEDIUM_VOL,1,0,1,-8.357827068328845,-8.357827068328845,0.10798111187673687,-8.357827068328845,0.0
11,UNKNOWN_MARKET_DATA,SPY_TREND_UNKNOWN,UNKNOWN_QQQ_DATA,LOW_VOL,2,0,2,-23.406225877455284,-11.703112938727642,-0.3617630161061626,-12.922349558115002,0.0
12,MIXED,SPY_BELOW_20_ABOVE_50,UNKNOWN_QQQ_DATA,LOW_VOL,1,0,1,-7.926689657211284,-7.926689657211284,-0.07616181046453219,-7.926689657211284,0.0
12,RISK_OFF,SPY_BELOW_20_50,UNKNOWN_QQQ_DATA,LOW_VOL,2,0,2,-19.12622804641721,-9.563114023208605,-0.0012302826331545003,-13.939244966506948,0.0
12,RISK_OFF,SPY_BELOW_20_50,UNKNOWN_QQQ_DATA,MEDIUM_VOL,1,1,0,17.399116645812995,17.399116645812995,0.15294895735528224,17.399116645812995,1.0
12,RISK_ON,SPY_ABOVE_20_50,UNKNOWN_QQQ_DATA,LOW_VOL,23,9,14,32.99639711972692,1.4346259617272574,0.03154231727906119,-23.273088002886112,0.391304347826087
12,RISK_ON,SPY_ABOVE_20_50,UNKNOWN_QQQ_DATA,MEDIUM_VOL,3,2,1,60.61659098870419,20.205530329568063,0.2220862005833273,-24.845130641392274,0.6666666666666666
12,UNKNOWN_MARKET_DATA,SPY_TREND_UNKNOWN,UNKNOWN_QQQ_DATA,LOW_VOL,3,2,1,5.303013704299971,1.767671234766657,-0.008417128986052772,-20.737959661483757,0.6666666666666666
12,UNKNOWN_MARKET_DATA,SPY_TREND_UNKNOWN,UNKNOWN_QQQ_DATA,VOL_UNKNOWN,2,1,1,2.550783931732198,1.275391965866099,0.807288404775443,-8.282342733110681,0.5
13,MIXED,SPY_BELOW_20_ABOVE_50,UNKNOWN_QQQ_DATA,LOW_VOL,3,1,2,-18.937904891014,-6.312634963671333,-0.08327128811970685,-35.925063833509114,0.3333333333333333
13,RISK_OFF,SPY_ABOVE_20_50,UNKNOWN_QQQ_DATA,HIGH_VOL,1,1,0,20.713710492815295,20.713710492815295,0.24506747379267413,20.713710492815295,1.0
13,RISK_OFF,SPY_ABOVE_20_BELOW_50,UNKNOWN_QQQ_DATA,HIGH_VOL,1,0,1,-19.534628193037832,-19.534628193037832,0.014393980060837253,-19.534628193037832,0.0
13,RISK_OFF,SPY_BELOW_20_50,UNKNOWN_QQQ_DATA,LOW_VOL,4,1,3,-55.106487312316716,-13.776621828079179,-0.09862923709170754,-27.907021077837214,0.25
13,RISK_ON,SPY_ABOVE_20_50,UNKNOWN_QQQ_DATA,LOW_VOL,21,14,7,301.2412229196012,14.34482013902863,0.05245739170190347,-34.5519834570203,0.6666666666666666
13,RISK_ON,SPY_ABOVE_20_50,UNKNOWN_QQQ_DATA,MEDIUM_VOL,1,0,1,-19.55708750479559,-19.55708750479559,0.07067665916562382,-19.55708750479559,0.0
13,UNKNOWN_MARKET_DATA,SPY_TREND_UNKNOWN,UNKNOWN_QQQ_DATA,LOW_VOL,1,1,0,9.904160003662113,9.904160003662113,0.12118638376160984,9.904160003662113,1.0
13,UNKNOWN_MARKET_DATA,SPY_TREND_UNKNOWN,UNKNOWN_QQQ_DATA,VOL_UNKNOWN,1,1,0,18.973516087123343,18.973516087123343,0.8053594991854505,18.973516087123343,1.0
14,MIXED,SPY_BELOW_20_ABOVE_50,UNKNOWN_QQQ_DATA,LOW_VOL,3,1,2,0.6360223666600859,0.21200745555336198,0.09704820695570378,-14.520004927498917,0.3333333333333333
14,RISK_OFF,SPY_ABOVE_20_BELOW_50,UNKNOWN_QQQ_DATA,HIGH_VOL,1,1,0,5.222148475646975,5.222148475646975,0.003767839889658342,5.222148475646975,1.0
14,RISK_OFF,SPY_BELOW_20_50,UNKNOWN_QQQ_DATA,LOW_VOL,4,1,3,-32.63557345226829,-8.158893363067072,-0.009267335943861893,-16.191379797799215,0.25
14,RISK_OFF,SPY_BELOW_20_50,UNKNOWN_QQQ_DATA,MEDIUM_VOL,3,2,1,3.7244209612438226,1.241473653747941,0.04217199197620262,-11.796981837817583,0.6666666666666666
14,RISK_ON,SPY_ABOVE_20_50,UNKNOWN_QQQ_DATA,LOW_VOL,17,10,7,132.70830171557867,7.806370689151686,0.11704019420330919,-20.65998911067416,0.5882352941176471
14,RISK_ON,SPY_ABOVE_20_50,UNKNOWN_QQQ_DATA,MEDIUM_VOL,3,1,2,15.168338498251828,5.0561128327506095,0.09251304018621272,-10.669286685398646,0.3333333333333333
14,UNKNOWN_MARKET_DATA,SPY_TREND_UNKNOWN,UNKNOWN_QQQ_DATA,LOW_VOL,3,0,3,-18.66523784746441,-6.221745949154804,-0.10624534078336934,-8.053160481044216,0.0
14,UNKNOWN_MARKET_DATA,SPY_TREND_UNKNOWN,UNKNOWN_QQQ_DATA,VOL_UNKNOWN,1,1,0,20.27831475939071,20.27831475939071,0.6051642284841745,20.27831475939071,1.0
15,MIXED,SPY_BELOW_20_ABOVE_50,UNKNOWN_QQQ_DATA,LOW_VOL,4,0,4,-34.25185379872997,-8.562963449682492,0.17583234765138345,-17.94642820358274,0.0
15,RISK_OFF,SPY_BELOW_20_50,UNKNOWN_QQQ_DATA,LOW_VOL,3,1,2,-2.3888379295893714,-0.7962793098631238,0.10955756049760401,-6.721947789873383,0.3333333333333333
15,RISK_OFF,SPY_BELOW_20_50,UNKNOWN_QQQ_DATA,MEDIUM_VOL,3,1,2,1.7808660793304654,0.5936220264434885,0.0215635139595269,-8.087487117222366,0.3333333333333333
15,RISK_ON,SPY_ABOVE_20_50,UNKNOWN_QQQ_DATA,LOW_VOL,24,11,13,131.79739710535358,5.491558212723066,0.012410154361386405,-20.521901772635303,0.4583333333333333
15,RISK_ON,SPY_ABOVE_20_50,UNKNOWN_QQQ_DATA,MEDIUM_VOL,3,0,3,-31.78959242330278,-10.596530807767593,-0.06787716340718908,-12.394329821722835,0.0
15,UNKNOWN_MARKET_DATA,SPY_TREND_UNKNOWN,UNKNOWN_QQQ_DATA,LOW_VOL,2,0,2,-13.239873543875547,-6.619936771937773,-0.047644999895188056,-6.83452091870987,0.0
15,UNKNOWN_MARKET_DATA,SPY_TREND_UNKNOWN,UNKNOWN_QQQ_DATA,VOL_UNKNOWN,1,1,0,21.478637895856608,21.478637895856608,1.0747357422254824,21.478637895856608,1.0
16,MIXED,SPY_ABOVE_20_BELOW_50,UNKNOWN_QQQ_DATA,MEDIUM_VOL,1,1,0,7.123107247488846,7.123107247488846,0.40035112629435754,7.123107247488846,1.0
16,MIXED,SPY_BELOW_20_ABOVE_50,UNKNOWN_QQQ_DATA,LOW_VOL,1,0,1,-14.1065364401681,-14.1065364401681,0.6833333333333333,-14.1065364401681,0.0
16,RISK_OFF,SPY_BELOW_20_50,UNKNOWN_QQQ_DATA,HIGH_VOL,1,0,1,-5.919937664576935,-5.919937664576935,-0.10474757312532934,-5.919937664576935,0.0
16,RISK_OFF,SPY_BELOW_20_50,UNKNOWN_QQQ_DATA,LOW_VOL,3,0,3,-4.20087387548174,-1.4002912918272468,0.00984637193431622,-2.2228382377624456,0.0
16,RISK_OFF,SPY_BELOW_20_50,UNKNOWN_QQQ_DATA,MEDIUM_VOL,1,0,1,-2.753090546199239,-2.753090546199239,-0.07228918315975852,-2.753090546199239,0.0
16,RISK_ON,SPY_ABOVE_20_50,UNKNOWN_QQQ_DATA,LOW_VOL,19,7,12,-14.495787893295187,-0.762936204910273,-0.04719435941013603,-15.27414465972356,0.3684210526315789
16,RISK_ON,SPY_ABOVE_20_50,UNKNOWN_QQQ_DATA,MEDIUM_VOL,3,1,2,0.6976780439785415,0.23255934799284717,0.06751631864328374,-7.0663578898566115,0.3333333333333333
16,UNKNOWN_MARKET_DATA,SPY_TREND_UNKNOWN,UNKNOWN_QQQ_DATA,LOW_VOL,1,0,1,-5.39917381913321,-5.39917381913321,-0.08333332742017396,-5.39917381913321,0.0
16,UNKNOWN_MARKET_DATA,SPY_TREND_UNKNOWN,UNKNOWN_QQQ_DATA,VOL_UNKNOWN,1,0,1,-4.247644864763515,-4.247644864763515,-0.13239147648033156,-4.247644864763515,0.0
17,MIXED,SPY_BELOW_20_ABOVE_50,UNKNOWN_QQQ_DATA,LOW_VOL,2,1,1,-14.298874225071472,-7.149437112535736,-0.2217319190592334,-21.419035449436706,0.5
17,RISK_OFF,SPY_BELOW_20_50,UNKNOWN_QQQ_DATA,HIGH_VOL,1,0,1,-10.11347908401487,-10.11347908401487,-0.0654424411797736,-10.11347908401487,0.0
17,RISK_OFF,SPY_BELOW_20_50,UNKNOWN_QQQ_DATA,LOW_VOL,2,2,0,33.167017042500646,16.583508521250323,0.05595558592351407,14.569317025320885,1.0
17,RISK_OFF,SPY_BELOW_20_50,UNKNOWN_QQQ_DATA,MEDIUM_VOL,2,1,1,-8.690926961353838,-4.345463480676919,0.002569309883119597,-11.753084670475545,0.5
17,RISK_ON,SPY_ABOVE_20_50,UNKNOWN_QQQ_DATA,LOW_VOL,17,8,9,74.92908712393928,4.407593360231722,0.015025487816605712,-29.725620136465352,0.47058823529411764
17,RISK_ON,SPY_ABOVE_20_50,UNKNOWN_QQQ_DATA,MEDIUM_VOL,1,0,1,-11.14376942443846,-11.14376942443846,0.10798111187673687,-11.14376942443846,0.0
17,UNKNOWN_MARKET_DATA,SPY_TREND_UNKNOWN,UNKNOWN_QQQ_DATA,LOW_VOL,2,0,2,-23.406225877455284,-11.703112938727642,-0.3617630161061626,-12.922349558115002,0.0
18,MIXED,SPY_BELOW_20_ABOVE_50,UNKNOWN_QQQ_DATA,LOW_VOL,1,0,1,-10.191458130700198,-10.191458130700198,-0.07616181046453219,-10.191458130700198,0.0
18,RISK_OFF,SPY_BELOW_20_50,UNKNOWN_QQQ_DATA,LOW_VOL,2,0,2,-22.49040849304194,-11.24520424652097,-0.0012302826331545003,-16.727093959808315,0.0
18,RISK_OFF,SPY_BELOW_20_50,UNKNOWN_QQQ_DATA,MEDIUM_VOL,1,1,0,21.74889580726625,21.74889580726625,0.15294895735528224,21.74889580726625,1.0
18,RISK_ON,SPY_ABOVE_20_50,UNKNOWN_QQQ_DATA,LOW_VOL,22,9,13,51.27844897168072,2.330838589621851,0.05462980130533146,-25.148707720075294,0.4090909090909091
18,RISK_ON,SPY_ABOVE_20_50,UNKNOWN_QQQ_DATA,MEDIUM_VOL,3,2,1,75.32665739618031,25.10888579872677,0.2220862005833273,-31.05641330174035,0.6666666666666666
18,UNKNOWN_MARKET_DATA,SPY_TREND_UNKNOWN,UNKNOWN_QQQ_DATA,LOW_VOL,3,2,1,8.74465966510779,2.9148865550359297,-0.008417128986052772,-22.21924249444686,0.6666666666666666
18,UNKNOWN_MARKET_DATA,SPY_TREND_UNKNOWN,UNKNOWN_QQQ_DATA,VOL_UNKNOWN,1,1,0,10.83312666484288,10.83312666484288,0.7170899541100404,10.83312666484288,1.0
19,MIXED,SPY_BELOW_20_ABOVE_50,UNKNOWN_QQQ_DATA,LOW_VOL,3,1,2,-10.328116076605596,-3.442705358868532,-0.08327128811970685,-17.34820073263984,0.3333333333333333
19,RISK_OFF,SPY_ABOVE_20_50,UNKNOWN_QQQ_DATA,HIGH_VOL,1,1,0,10.356855246407648,10.356855246407648,0.24506747379267413,10.356855246407648,1.0
19,RISK_OFF,SPY_ABOVE_20_BELOW_50,UNKNOWN_QQQ_DATA,HIGH_VOL,1,0,1,-10.418468369620186,-10.418468369620186,0.014393980060837253,-10.418468369620186,0.0
19,RISK_OFF,SPY_BELOW_20_50,UNKNOWN_QQQ_DATA,LOW_VOL,4,1,3,-26.829939521244555,-6.707484880311139,-0.09862923709170754,-12.403120479038762,0.25
19,RISK_ON,SPY_ABOVE_20_50,UNKNOWN_QQQ_DATA,LOW_VOL,19,10,9,83.25943843460112,4.38207570708427,0.03410025698593012,-16.259756920950736,0.5263157894736842
19,RISK_ON,SPY_ABOVE_20_50,UNKNOWN_QQQ_DATA,MEDIUM_VOL,1,0,1,-12.223179690497261,-12.223179690497261,0.07067665916562382,-12.223179690497261,0.0
19,UNKNOWN_MARKET_DATA,SPY_TREND_UNKNOWN,UNKNOWN_QQQ_DATA,LOW_VOL,1,1,0,7.692180980954845,7.692180980954845,0.004972384016081577,7.692180980954845,1.0
19,UNKNOWN_MARKET_DATA,SPY_TREND_UNKNOWN,UNKNOWN_QQQ_DATA,VOL_UNKNOWN,1,1,0,4.783600608825694,4.783600608825694,0.0650065384808447,4.783600608825694,1.0
