replay_date,decision,ticker,reason,reference_price,shares_with_cash,estimated_total_cost,estimated_cash_remaining,smoke_score,decision_strength,relative_volume_prev20,return_5d_signal,return_20d_signal,distance_to_52w_high_prev,dollar_volume,all_rule_checks_passed,failed_checks,data_complete_1d,return_1d,data_complete_3d,return_3d,data_complete_5d,return_5d,data_complete_10d,return_10d,data_complete_20d,return_20d,data_complete_mfe_mae_20d,max_favorable_move_20d,max_adverse_move_20d
2026-06-02,EXECUTABLE_NEAR_MISS,CORZ,Closest executable near-miss after Candidate 34 checks failed.,29.049999237060547,3,87.2371477088928,12.762852291107194,0.8320000000000001,0.4831318525251033,1.2521866727259288,0.10163057688795507,0.37677719013562694,-0.001375074435115975,597936134.2964172,False,"smoke_score_below_min, relative_volume_prev20_below_min",True,-0.004130772290406037,True,-0.11015486883415893,True,-0.0702237198538781,True,-0.033390682920122594,True,-0.18382100835911153,True,0.04750434094176148,-0.22065404529286703
2026-06-02,EXECUTABLE_NEAR_MISS,RIVN,Closest executable near-miss after Candidate 34 checks failed.,17.290000915527344,5,86.53645458221435,13.463545417785653,0.792,0.4001739455259463,1.2255655097335165,0.20152887442773748,0.19159204981347822,-0.23799028168487224,678635993.9346313,False,"smoke_score_below_min, relative_volume_prev20_below_min",True,0.056680132466403466,True,-0.05436671395508408,True,-0.09022563855910792,True,-0.07865821505713222,True,-0.006362093957599235,True,0.07287439299101806,-0.17004050771433676
2026-06-02,EXECUTABLE_NEAR_MISS,F,Closest executable near-miss after Candidate 34 checks failed.,16.149999618530273,6,96.9968977088928,3.003102291107197,0.744,0.34372324544159555,0.8615092089743602,0.05417754179110501,0.404347792915676,-0.09167609702847324,1176487097.210884,False,"smoke_score_below_min, rank_gap_below_min, relative_volume_prev20_below_min",True,-0.02724455670441328,True,-0.07739938263315926,True,-0.07430339551762433,True,-0.10773992645310737,True,-0.1554179154485913,True,0.0030960461665776595,-0.16099068044634557
2026-06-02,EXECUTABLE_NEAR_MISS,PATH,Closest executable near-miss after Candidate 34 checks failed.,12.180000305175781,8,97.53744244384765,2.4625575561523476,0.704,0.39729925129626675,1.4636932616664011,0.09828675722186841,0.12465377571376313,-0.3860886990171194,738316296.4988708,False,"smoke_score_below_min, rank_gap_below_min, relative_volume_prev20_below_min, distance_to_52w_high_prev_below_min",True,-0.04187193892475649,True,-0.07717573977877257,True,-0.1174056050366531,True,-0.1362889824154362,True,-0.05172414603086706,True,0.004926064403864228,-0.18965520211317932
2026-06-02,EXECUTABLE_NEAR_MISS,BBAI,Closest executable near-miss after Candidate 34 checks failed.,5.110000133514404,19,97.18709253931044,2.8129074606895585,0.6719999999999999,0.3347304841516812,0.9965743573651317,0.22248812042306176,0.22541967386625972,-0.4558040525367888,255112157.66558647,False,"smoke_score_below_min, rank_gap_below_min, relative_volume_prev20_below_min, distance_to_52w_high_prev_below_min",True,-0.054794560174654894,True,-0.17808225058174598,True,-0.21917810072685473,True,-0.2250489364618703,True,-0.2876712309592909,True,-0.02152644435231188,-0.3483366268689613
2026-06-04,EXECUTABLE_NEAR_MISS,RIVN,Closest executable near-miss after Candidate 34 checks failed.,18.1200008392334,5,90.69060420036315,9.309395799636846,0.8800000000000001,0.572704941389447,1.074344472505022,0.1921053333295688,0.2513813129882807,-0.20141029472276406,637135469.5091248,False,relative_volume_prev20_below_min,True,-0.09768213994401531,True,-0.13189852021542092,True,-0.14238414778624942,True,-0.0883002377133123,False,,False,0.07284766190331271,-0.2080574107701404
2026-06-04,EXECUTABLE_NEAR_MISS,SMCI,Closest executable near-miss after Candidate 34 checks failed.,46.900001525878906,2,93.89380305480957,6.106196945190433,0.784,0.3372665636090579,0.6833990724815205,0.13559327826314327,0.3531448855266137,-0.21043770503194514,1535431009.954834,False,"smoke_score_below_min, relative_volume_prev20_below_min",True,-0.11215356002340549,True,-0.13347552095017035,True,-0.3183369238119578,True,-0.346268681238864,False,,False,-0.03496808424282816,-0.4140725234929221
2026-06-04,EXECUTABLE_NEAR_MISS,PATH,Closest executable near-miss after Candidate 34 checks failed.,11.670000076293945,8,93.45336061096191,6.546639389038091,0.712,0.34894546909898433,1.0045092218908591,0.007772033953441282,0.11142857869466138,-0.4117943555170924,505615590.3055191,False,"smoke_score_below_min, rank_gap_below_min, relative_volume_prev20_below_min, distance_to_52w_high_prev_below_min",True,-0.03684664116234837,True,-0.07883462470259994,True,-0.08740363762599002,True,-0.11996569060647966,False,,False,0.023136204140891348,-0.15424166057987643
2026-06-04,EXECUTABLE_NEAR_MISS,SDGR,Closest executable near-miss after Candidate 34 checks failed.,15.850000381469727,6,95.19510229110716,4.804897708892838,0.6880000000000001,0.42031714229142353,1.718854280622811,0.1193503214879259,0.22110947152922056,-0.3114682855653814,39596470.95298767,False,"smoke_score_below_min, rank_gap_below_min",True,-0.09274449411038432,True,-0.08391166509124892,True,-0.07886435141423576,True,-0.00567824292882102,False,,False,0.12429017450735347,-0.12302843634118799
2026-06-04,EXECUTABLE_NEAR_MISS,RXRX,Closest executable near-miss after Candidate 34 checks failed.,3.799999952316284,26,98.8987987589836,1.1012012410163976,0.6719999999999999,0.4548227124335609,2.077404411902049,0.10465113055454633,0.10787168465244035,-0.4707520831242743,147919938.14384937,False,"smoke_score_below_min, rank_gap_below_min, distance_to_52w_high_prev_below_min",True,-0.12763155294257156,True,-0.15263156078528806,True,-0.17105259608033574,True,-0.14999998431456696,False,,False,0.0631578980390386,-0.22368418823648994
2026-06-05,EXECUTABLE_NEAR_MISS,HPE,Closest executable near-miss after Candidate 34 checks failed.,49.20000076293945,2,98.49840152740478,1.5015984725952194,0.8642857142857142,0.5110042716394502,1.0418955876121963,0.1431226699902275,0.6565656396996691,-0.2342412332616427,1856483308.7882996,False,relative_volume_prev20_below_min,True,0.013617848751132478,True,-0.07540648428744057,True,-0.0209350117484145,True,-0.016260146842582146,False,,False,0.033861795536106465,-0.1376016331866251
2026-06-05,EXECUTABLE_NEAR_MISS,RIVN,Closest executable near-miss after Candidate 34 checks failed.,16.350000381469727,6,98.19810229110718,1.8018977088928239,0.8,0.38678512497234957,1.0810661247511464,0.003067555015309198,0.1530324421433109,-0.279418246071505,587707303.7120819,False,"smoke_score_below_min, relative_volume_prev20_below_min",True,0.02996940426212502,True,-0.09724771348567784,True,0.025076442681725153,True,-0.07645259760462686,False,,False,0.18899083061123,-0.12232415616740289
2026-06-05,EXECUTABLE_NEAR_MISS,SMCI,Closest executable near-miss after Candidate 34 checks failed.,41.63999938964844,2,83.36327877807616,16.636721221923835,0.7785714285714287,0.38628668603203886,1.1408658885740635,-0.09655024404875368,0.2385485042403619,-0.29898992727286267,2051169713.9343262,False,"smoke_score_below_min, rank_gap_below_min, relative_volume_prev20_below_min, return_5d_not_positive",True,0.056436174910285075,True,-0.29707010358314045,True,-0.2684918460386695,True,-0.14841499509512746,False,,False,0.07949090830471706,-0.34005763820765655
2026-06-05,EXECUTABLE_NEAR_MISS,CORZ,Closest executable near-miss after Candidate 34 checks failed.,25.850000381469727,3,77.62755114555358,22.372448854446418,0.75,0.3492865776176331,0.8935791985586982,-0.037243947329331895,0.15608227530648944,-0.1513459895457755,347069860.121727,False,"smoke_score_below_min, rank_gap_below_min, relative_volume_prev20_below_min, return_5d_not_positive",True,0.05029010514028598,True,-0.006189549131566108,True,0.06769825818859432,True,0.12495162454820363,False,,False,0.17717600990788274,-0.12417798624569232
2026-06-05,EXECUTABLE_NEAR_MISS,AI,Closest executable near-miss after Candidate 34 checks failed.,10.430000305175781,9,93.9638727493286,6.036127250671399,0.6357142857142857,0.3712825524959012,1.434400115320254,-0.03156918645651474,0.08872655409593166,-0.5610269274114976,107418573.14300537,False,"smoke_score_below_min, rank_gap_below_min, relative_volume_prev20_below_min, return_5d_not_positive, distance_to_52w_high_prev_below_min",True,0.01629914394245846,True,0.03547458051132302,True,0.04506225307790834,True,-0.06999045777097335,False,,False,0.089165802904144,-0.18504316861985504
2026-06-08,EXECUTABLE_NEAR_MISS,HPE,Closest executable near-miss after Candidate 34 checks failed.,49.869998931884766,2,99.8397378616333,0.16026213836670422,0.9037037037037038,0.5353668609557263,0.7738573041570883,0.06106380706137804,0.5907495478488667,-0.22381324619634602,1440160790.1546478,False,relative_volume_prev20_below_min,True,-0.03208338697392921,True,-0.06156005134504605,True,-0.01704428498749455,True,-0.019049544481382852,False,,False,0.012632867086596944,-0.1491878641680131
2026-06-08,EXECUTABLE_NEAR_MISS,SMCI,Closest executable near-miss after Candidate 34 checks failed.,43.9900016784668,2,88.06798336029051,11.932016639709488,0.8148148148148147,0.3541731877384963,0.7431142452020228,-0.06164674325517516,0.2437094432256659,-0.25942760019456235,1391452142.091751,False,"smoke_score_below_min, relative_volume_prev20_below_min, return_5d_not_positive",True,-0.0761537204136592,True,-0.27324396241148863,True,-0.2987042690527818,True,-0.24255516200322325,False,,False,0.02182311997825126,-0.3753126052803074
2026-06-08,EXECUTABLE_NEAR_MISS,RIVN,Closest executable near-miss after Candidate 34 checks failed.,16.84000015258789,5,84.28420076370239,15.715799236297613,0.7407407407407407,0.32145034224363694,0.6708308579705102,-0.006489711233056417,0.18424752717016069,-0.25782284018411084,381163299.45373535,False,"smoke_score_below_min, rank_gap_below_min, relative_volume_prev20_below_min, return_5d_not_positive",True,-0.06591452495806438,True,-0.07719716027051726,True,-0.009501178501326923,True,-0.11579571209003048,False,,False,0.15439432054103452,-0.14786221784775422
2026-06-08,EXECUTABLE_NEAR_MISS,CORZ,Closest executable near-miss after Candidate 34 checks failed.,27.149999618530273,3,81.5314488544464,18.468551145553604,0.6962962962962963,0.2954787202384856,0.5704195932574817,-0.04903676553213154,0.18455495323542337,-0.10866709013230713,214273226.98936462,False,"smoke_score_below_min, rank_gap_below_min, relative_volume_prev20_below_min, return_5d_not_positive",True,-0.005156515344953649,True,0.00257825767247688,True,0.03941067071300908,True,0.0740331586417402,False,,False,0.1208103400637568,-0.1661141912430708
2026-06-08,EXECUTABLE_NEAR_MISS,SOFI,Closest executable near-miss after Candidate 34 checks failed.,16.5,6,99.09899999999999,0.9010000000000105,0.6888888888888889,0.35462899005647236,1.1249942438415845,-0.11194832789273601,0.04761904761904767,-0.4958753366706399,1308055650.0,False,"smoke_score_below_min, rank_gap_below_min, relative_volume_prev20_below_min, return_5d_not_positive, distance_to_52w_high_prev_below_min",True,-0.0018182234330610392,True,0.010303034926905763,True,0.03818176731918799,True,0.047878843365293466,False,,False,0.1630303353974314,-0.05145454406738281
2026-06-09,EXECUTABLE_NEAR_MISS,CORZ,Closest executable near-miss after Candidate 34 checks failed.,27.010000228881836,3,81.11103068733215,18.888969312667854,0.7703703703703704,0.3828681375583279,0.9124799046916174,-0.0702237198538781,0.17690628893131133,-0.11326326195950209,332447185.8171463,False,"smoke_score_below_min, relative_volume_prev20_below_min, return_5d_not_positive",True,-0.048870776884064604,True,0.021843767033996597,True,0.039614945788858824,True,0.02887821843894134,False,,False,0.12661977220707077,-0.16179195861540752
2026-06-09,EXECUTABLE_NEAR_MISS,RIVN,Closest executable near-miss after Candidate 34 checks failed.,15.729999542236328,6,94.47437725067138,5.525622749328619,0.7555555555555555,0.3848107409132911,1.1966300015529532,-0.09022563855910792,0.11718747354197223,-0.3067430951081006,626643856.7638397,False,"smoke_score_below_min, relative_volume_prev20_below_min, return_5d_not_positive",True,-0.06166556526273026,True,0.06548002012840959,True,0.012714607041305781,True,-0.06929429311086999,False,,False,0.23585512395341368,-0.08773040056747561
2026-06-09,EXECUTABLE_NEAR_MISS,SMCI,Closest executable near-miss after Candidate 34 checks failed.,40.63999938964844,2,81.36127877807617,18.63872122192383,0.7555555555555555,0.3903149457177438,1.2461678447930276,-0.1899541384714628,0.21241046642753503,-0.31582494367541836,2107228672.3526,False,"smoke_score_below_min, relative_volume_prev20_below_min, return_5d_not_positive",True,-0.27977359996665896,True,-0.250492137255513,True,-0.2810039431054414,True,-0.2015255597861817,False,,False,-0.09448819415007159,-0.3238188987464439
2026-06-09,EXECUTABLE_NEAR_MISS,F,Closest executable near-miss after Candidate 34 checks failed.,14.949999809265137,6,89.78969885444641,10.210301145553586,0.6962962962962963,0.2969403198312642,0.5835739895924887,-0.07430339551762433,0.24066386494832237,-0.15916764724907884,762937360.266304,False,"smoke_score_below_min, rank_gap_below_min, relative_volume_prev20_below_min, return_5d_not_positive",True,-0.0434782359078989,True,-0.007357836660912498,True,-0.0361203992469864,True,-0.07424746962132622,False,,False,0.03545148760756023,-0.09364546062820922
2026-06-09,EXECUTABLE_NEAR_MISS,RBLX,Closest executable near-miss after Candidate 34 checks failed.,43.0,2,86.08599999999998,13.914000000000016,0.6888888888888889,0.3779776079661928,1.3351318050290688,-0.0444444444444444,0.040910156633440664,-0.6971830985915493,627159300.0,False,"smoke_score_below_min, rank_gap_below_min, relative_volume_prev20_below_min, return_5d_not_positive, distance_to_52w_high_prev_below_min",True,-0.03488372093023251,True,0.007209334262581857,True,0.14744186401367188,True,0.11488368899323209,False,,False,0.35883721639943666,-0.053953481274981785
2026-06-10,EXECUTABLE_NEAR_MISS,PATH,Closest executable near-miss after Candidate 34 checks failed.,10.75,9,96.84674999999999,3.153250000000014,0.7555555555555555,0.367436092450611,1.0402581653888323,-0.07883462470259994,0.07392604937041303,-0.4581653267478534,505951975.0,False,"smoke_score_below_min, relative_volume_prev20_below_min, return_5d_not_positive, distance_to_52w_high_prev_below_min",True,-0.009302361066951259,True,0.00372092668400259,True,-0.04837213560592302,True,-0.0762790413789971,False,,False,0.10883721639943666,-0.08186047576194588
2026-06-10,EXECUTABLE_NEAR_MISS,SOFI,Closest executable near-miss after Candidate 34 checks failed.,15.869999885559082,6,95.31521931266784,4.6847806873321645,0.7555555555555555,0.3850927402568915,1.1991679956453565,-0.04856117534754223,-0.001886775703832666,-0.5151237364033663,1371902771.107006,False,"smoke_score_below_min, relative_volume_prev20_below_min, return_5d_not_positive, distance_to_52w_high_prev_below_min",True,0.05040959020187663,True,0.07939503996808828,True,0.0976685697487174,True,0.09010708013947077,False,,False,0.20919979032385316,-0.013547583751625014
2026-06-10,EXECUTABLE_NEAR_MISS,CORZ,Closest executable near-miss after Candidate 34 checks failed.,25.690000534057617,3,77.14707160377502,22.852928396224982,0.7481481481481482,0.3487545209254421,0.8943462438845347,-0.11199446031594085,0.12724877148005898,-0.15659877523918253,307979433.40244293,False,"smoke_score_below_min, rank_gap_below_min, relative_volume_prev20_below_min, return_5d_not_positive",True,0.059556198812395156,True,0.0984818500078588,True,0.10470994825954993,True,0.06150252591904093,False,,False,0.1845075777571228,-0.1187232806930365
2026-06-10,EXECUTABLE_NEAR_MISS,HPE,Closest executable near-miss after Candidate 34 checks failed.,45.4900016784668,2,91.07098336029051,8.929016639709488,0.7333333333333333,0.34008568665981764,0.860771179938359,-0.17515865059186253,0.5057928850400979,-0.29198440967366857,1511605461.7744446,False,"smoke_score_below_min, rank_gap_below_min, relative_volume_prev20_below_min, return_5d_not_positive",True,0.028797483188791606,True,0.07759944271375652,True,0.05957351032052083,True,0.027038898589853533,False,,False,0.10903492858784669,-0.06726755903241699
2026-06-10,EXECUTABLE_NEAR_MISS,F,Closest executable near-miss after Candidate 34 checks failed.,14.300000190734863,6,85.88580114555359,14.114198854446414,0.7037037037037037,0.29900392885797406,0.5799242486106554,-0.08975174054668056,0.1926605891337121,-0.19572555464097707,726106819.6848869,False,"smoke_score_below_min, rank_gap_below_min, relative_volume_prev20_below_min, return_5d_not_positive",True,0.028671317618425896,True,0.0328671511020906,True,-0.023776234129575746,True,-0.013286750456179774,False,,False,0.08251743606730866,-0.05244755174800164
2026-06-11,EXECUTABLE_NEAR_MISS,CORZ,Closest executable near-miss after Candidate 34 checks failed.,27.219999313354492,3,81.74165793800353,18.258342061996473,0.7777777777777778,0.38260736362215436,0.8879107170438336,-0.024722341018629468,0.13416663805643725,-0.10636900421870965,326258911.76986694,False,"smoke_score_below_min, relative_volume_prev20_below_min, return_5d_not_positive",True,0.013960362883947752,True,0.03159443909058557,True,0.0712711455913162,True,-0.0007347006215840945,False,,False,0.1179280335340207,-0.1682586347994155
2026-06-11,EXECUTABLE_NEAR_MISS,MRNA,Closest executable near-miss after Candidate 34 checks failed.,49.63999938964844,2,99.37927877807616,0.6207212219238443,0.762962962962963,0.3792743282837581,1.1245800656649345,-0.037798037549368724,-0.015470027917956042,-0.16641477706761554,307579364.21813965,False,"smoke_score_below_min, relative_volume_prev20_below_min, return_5d_not_positive",True,0.005439171254703501,True,0.11603549973918037,True,0.28847703204868314,True,0.35515708038252725,False,,False,0.5989122425963058,-0.0004029101130054169
2026-06-11,EXECUTABLE_NEAR_MISS,SOFI,Closest executable near-miss after Candidate 34 checks failed.,16.670000076293945,5,83.43335038185118,16.566649618148816,0.7111111111111111,0.3402556306393405,0.928967342420731,-0.027988312123208292,0.08883080466377247,-0.49068132265684283,1134593545.1927185,False,"smoke_score_below_min, rank_gap_below_min, relative_volume_prev20_below_min, return_5d_not_positive, distance_to_52w_high_prev_below_min",True,-0.005398929344690218,True,0.0623874627125931,True,0.07438510890480088,True,0.07258542765055953,False,,False,0.1511697928152569,-0.026394752972037083
2026-06-11,EXECUTABLE_NEAR_MISS,PATH,Closest executable near-miss after Candidate 34 checks failed.,10.649999618530273,9,95.94584656333922,4.054153436660783,0.6814814814814815,0.3366707092229786,0.9855919385623632,-0.08740363762599002,0.12460394067884084,-0.46320566851703837,483536607.68032074,False,"smoke_score_below_min, rank_gap_below_min, relative_volume_prev20_below_min, return_5d_not_positive, distance_to_52w_high_prev_below_min",True,-0.009389617969696284,True,-0.012206494405916368,True,-0.035680673650488104,True,-0.011267595291767907,False,,False,0.11924887354493019,-0.07323941416993529
2026-06-11,EXECUTABLE_NEAR_MISS,RBLX,Closest executable near-miss after Candidate 34 checks failed.,43.4900016784668,2,87.06698336029052,12.933016639709479,0.6666666666666667,0.3432357629402821,1.0891218664625386,0.0032296011366477195,0.03646336099564684,-0.6937323825460084,506775942.55867004,False,"smoke_score_below_min, rank_gap_below_min, relative_volume_prev20_below_min, distance_to_52w_high_prev_below_min",True,-0.0041388893591353115,True,0.13451364102884367,True,0.18487001127918834,True,0.0935847214933403,False,,False,0.3435272028077714,-0.04265355910188573
2026-06-12,EXECUTABLE_NEAR_MISS,RIVN,Closest executable near-miss after Candidate 34 checks failed.,16.760000228881836,5,83.88380114555359,16.11619885444641,0.8296296296296297,0.40477702924615117,0.9318821521042455,0.025076442681725153,0.15426995182499903,-0.2613486190216201,532607667.2735214,False,"smoke_score_below_min, relative_volume_prev20_below_min",True,-0.00477326507240694,True,-0.02983293515344765,True,-0.09904533560515694,True,0.0029832479938982637,False,,False,0.15990455063105813,-0.14379473833532852
2026-06-12,EXECUTABLE_NEAR_MISS,MRNA,Closest executable near-miss after Candidate 34 checks failed.,49.90999984741211,2,99.91981969451903,0.08018030548096533,0.8148148148148147,0.3752853891665608,0.9331240580546032,0.052065794523705966,-0.0023985395725099057,-0.16188076428469622,253547790.22483826,False,"smoke_score_below_min, relative_volume_prev20_below_min",True,0.04448008870948206,True,0.23822880036063454,True,0.1890403005837764,True,0.3965136678287571,False,,False,0.590262532342954,-0.0014025184339456764
2026-06-12,EXECUTABLE_NEAR_MISS,CORZ,Closest executable near-miss after Candidate 34 checks failed.,27.600000381469727,3,82.88280114555357,17.11719885444643,0.7407407407407407,0.30792048318848064,0.5490621264741038,0.06769825818859432,0.10754415316897314,-0.09389359123325935,201267482.7817917,False,"smoke_score_below_min, rank_gap_below_min, relative_volume_prev20_below_min",True,0.02246372910563532,True,0.02826082494624016,True,0.05362317107901138,True,-0.060144921176400135,False,,False,0.10253622770259385,-0.17971017837924985
2026-06-12,EXECUTABLE_NEAR_MISS,HPE,Closest executable near-miss after Candidate 34 checks failed.,48.16999816894531,2,96.4363363342285,3.5636636657715,0.7333333333333333,0.31052038040596613,0.5946834236536956,-0.0209350117484145,0.41136819986643536,-0.25027240203976164,1133049879.9301147,False,"smoke_score_below_min, rank_gap_below_min, relative_volume_prev20_below_min, return_5d_not_positive",True,0.017645885844487008,True,0.0006228481447916323,True,0.004774825943046679,True,-0.07805684999916052,False,,False,0.04733242019228556,-0.11916126389786841
2026-06-12,EXECUTABLE_NEAR_MISS,SOFI,Closest executable near-miss after Candidate 34 checks failed.,16.579999923706055,6,99.57947954177854,0.42052045822146056,0.6814814814814815,0.30304076706684874,0.6829224591571941,0.03431061843426786,0.03495627028343762,-0.4934310982097496,834167982.1615219,False,"smoke_score_below_min, rank_gap_below_min, relative_volume_prev20_below_min, distance_to_52w_high_prev_below_min",True,0.03317245112131517,True,0.050663459375947184,True,0.031363115811609665,True,0.09710498297708603,False,,False,0.15741861413520208,0.008443871549617343
2026-06-15,EXECUTABLE_NEAR_MISS,BEAM,Closest executable near-miss after Candidate 34 checks failed.,31.1200008392334,3,93.4533625202179,6.546637479782106,0.7846153846153847,0.44445897289486713,1.5308999868230333,0.044996646127976714,0.1142141245686441,-0.1459933586159976,90388042.4375534,False,smoke_score_below_min,True,-0.004177412101844857,True,0.09704365260195269,True,0.06683804201842336,True,0.1028277239490476,False,,False,0.18508997665643134,-0.028599012628400478
2026-06-15,EXECUTABLE_NEAR_MISS,CORZ,Closest executable near-miss after Candidate 34 checks failed.,28.219999313354492,3,84.74465793800353,15.255342061996473,0.7769230769230769,0.3574617099598394,0.8863861588693236,0.03941067071300908,0.16563405124016262,-0.07353906232584329,319427816.22772217,False,"smoke_score_below_min, relative_volume_prev20_below_min",True,-0.004960999045176662,True,0.03330972916121877,True,0.03330972916121877,True,-0.09319628719912876,False,,False,0.07831329006359877,-0.19773210699780008
2026-06-15,EXECUTABLE_NEAR_MISS,SOFI,Closest executable near-miss after Candidate 34 checks failed.,17.1299991607666,5,85.73564579963684,14.264354200363158,0.7307692307692308,0.3606305062969088,1.0533668643644862,0.03818176731918799,0.09737344891222777,-0.47662696607553423,1312651279.6905518,False,"smoke_score_below_min, rank_gap_below_min, relative_volume_prev20_below_min, distance_to_52w_high_prev_below_min",True,0.033858724583854416,True,0.04553419292815675,True,0.009340441482752704,True,0.04670176203169052,False,,False,0.12025694537155052,-0.023934609894853076
2026-06-15,EXECUTABLE_NEAR_MISS,HPE,Closest executable near-miss after Candidate 34 checks failed.,49.02000045776367,2,98.13804091644286,1.8619590835571387,0.7153846153846154,0.3253629549420623,0.7821127483247144,-0.01704428498749455,0.4809668494724999,-0.23704279443169385,1495144327.9621124,False,"smoke_score_below_min, rank_gap_below_min, relative_volume_prev20_below_min, return_5d_not_positive",True,-0.013055882979843503,True,-0.032843749394469324,True,-0.002040030352601141,True,-0.07976335803548229,False,,False,0.029171772578988175,-0.13443492637797771
2026-06-15,EXECUTABLE_NEAR_MISS,PYPL,Closest executable near-miss after Candidate 34 checks failed.,42.4900016784668,2,85.06498336029051,14.935016639709488,0.7,0.4039811751945572,1.5358305767510143,0.029811037493224113,-0.043233464884985695,-0.4636116437192498,958374734.8583221,False,"smoke_score_below_min, rank_gap_below_min, distance_to_52w_high_prev_below_min",True,0.02730053663424492,True,0.00047061996414421436,True,-0.0185926308383203,True,0.016239082124081428,False,,False,0.06613314774279733,-0.01976936030608789
2026-06-16,EXECUTABLE_NEAR_MISS,SOFI,Closest executable near-miss after Candidate 34 checks failed.,17.709999084472656,5,88.63854541778564,11.361454582214364,0.8538461538461538,0.6231159853488736,1.4311207912167847,0.0752883923991865,0.12730738647162898,-0.4589062226652695,1877359078.9489746,False,"relative_volume_prev20_below_min, distance_to_52w_high_prev_below_min",True,-0.016374874261454342,True,-0.03444374559780461,True,-0.022586089170437917,True,0.041219733897388755,False,,False,0.08356869147907298,-0.05590061108394706
2026-06-16,EXECUTABLE_NEAR_MISS,PYPL,Closest executable near-miss after Candidate 34 checks failed.,43.650001525878906,2,87.38730305480956,12.612696945190436,0.7461538461538461,0.39331364822061304,1.3013612955239793,0.05282205715789412,-0.01655957696178878,-0.4489679537484248,851484944.7654724,False,"smoke_score_below_min, relative_volume_prev20_below_min, distance_to_52w_high_prev_below_min",True,-0.03596791844081404,True,-0.03001148516602803,True,-0.026804168218617752,True,0.009621950842231053,False,,False,0.03780063352812024,-0.04581901328947846
2026-06-16,EXECUTABLE_NEAR_MISS,CORZ,Closest executable near-miss after Candidate 34 checks failed.,28.079999923706055,3,84.32423977088928,15.675760229110722,0.7153846153846153,0.31276726940536465,0.6687515784944359,0.039614945788858824,0.19134494218394904,-0.07813523415303825,240903935.34545898,False,"smoke_score_below_min, rank_gap_below_min, relative_volume_prev20_below_min",True,0.010683733542580232,True,0.03561253570929557,True,-0.010327600034424678,True,-0.15562681093685116,False,,False,0.08368947250194902,-0.19373221327771406
2026-06-16,EXECUTABLE_NEAR_MISS,RIVN,Closest executable near-miss after Candidate 34 checks failed.,15.930000305175781,6,95.67558183288573,4.324418167114274,0.7,0.3177072340286755,0.7593651062580798,0.012714607041305781,0.19325841572912505,-0.2979286059837283,405541168.7690735,False,"smoke_score_below_min, rank_gap_below_min, relative_volume_prev20_below_min",True,0.02071562569894203,True,-0.05210294462055853,True,-0.08097928042310809,True,0.07846829730404115,False,,False,0.220338993197722,-0.09918392300298329
2026-06-16,EXECUTABLE_NEAR_MISS,HPE,Closest executable near-miss after Candidate 34 checks failed.,48.380001068115234,2,96.85676213836669,3.1432378616333096,0.6923076923076923,0.29880525121837637,0.6123241840423103,0.0022788607687669327,0.4660606384277344,-0.24700387442622207,1176195233.9675903,False,"smoke_score_below_min, rank_gap_below_min, relative_volume_prev20_below_min",True,-0.0037205519057834646,True,0.00041340341715812023,True,0.00764776609582607,True,-0.09156676741157344,False,,False,0.042786268067870115,-0.1229847174778339
2026-06-17,EXECUTABLE_NEAR_MISS,SOFI,Closest executable near-miss after Candidate 34 checks failed.,17.420000076293945,5,87.1871003818512,12.812899618148805,0.823076923076923,0.46670442510734694,1.615724441350739,0.0976685697487174,0.14379518055691576,-0.46776656523278104,2139803129.371643,False,"smoke_score_below_min, distance_to_52w_high_prev_below_min",True,0.02812857456786011,True,-0.007462638358050944,True,-0.006888681900564464,True,0.06802522736810968,False,,False,0.10160737370904971,-0.04018374052087703
2026-06-17,EXECUTABLE_NEAR_MISS,CORZ,Closest executable near-miss after Candidate 34 checks failed.,28.3799991607666,3,85.22513747978209,14.774862520217908,0.8153846153846154,0.3868641850592344,1.0356238193792635,0.10470994825954993,0.2382198545505203,-0.06828627663243625,374195964.9345398,False,"smoke_score_below_min, relative_volume_prev20_below_min",True,0.027484168770653294,True,0.027484168770653294,True,-0.03911200619545563,True,-0.1754756761628392,False,,False,0.07223401004335361,-0.20225510714790007
2026-06-17,EXECUTABLE_NEAR_MISS,RIVN,Closest executable near-miss after Candidate 34 checks failed.,16.260000228881836,6,97.65756137466428,2.342438625335717,0.7846153846153847,0.37540908848415966,1.0248356425112828,0.10162601468425825,0.2604651712954371,-0.28338475777135275,555249739.8159027,False,"smoke_score_below_min, rank_gap_below_min, relative_volume_prev20_below_min",True,0.015990173752889136,True,-0.08425583433422212,True,-0.08610089498755591,True,0.17896677776444436,False,,False,0.1955719717351112,-0.11746616362399986
2026-06-17,EXECUTABLE_NEAR_MISS,BEAM,Closest executable near-miss after Candidate 34 checks failed.,32.47999954223633,3,97.53743862533568,2.4625613746643182,0.7384615384615385,0.3731905473004011,1.1433303103189938,0.10139029482280648,0.23357385629891936,-0.1086717682137931,70634255.00450134,False,"smoke_score_below_min, rank_gap_below_min, relative_volume_prev20_below_min",True,0.05110837040663996,True,0.022167525580375935,True,0.04464288126155602,True,0.08282015593045089,False,,False,0.13546802918384393,0.005541881395094039
2026-06-17,EXECUTABLE_NEAR_MISS,HPE,Closest executable near-miss after Candidate 34 checks failed.,48.20000076293945,2,96.49640152740477,3.503598472595229,0.7076923076923076,0.322497997562938,0.779405054989519,0.05957351032052083,0.4776211631271958,-0.2498054355962731,1505951183.8371277,False,"smoke_score_below_min, rank_gap_below_min, relative_volume_prev20_below_min",True,-0.016390060228687164,True,0.0149377052823505,True,-0.03070538420767588,True,-0.09180496197134691,False,,False,0.041493775276820744,-0.1197095511707994
2026-06-18,EXECUTABLE_NEAR_MISS,CORZ,Closest executable near-miss after Candidate 34 checks failed.,29.15999984741211,3,87.56747954177855,12.432520458221447,0.8320000000000001,0.4427312649425159,1.368581384482643,0.0712711455913162,0.25798099497440785,-0.04267889941346836,509474769.33403015,False,"smoke_score_below_min, relative_volume_prev20_below_min",True,-0.002743481622931254,True,-0.04698213096891868,True,-0.06721533246669764,False,,False,,False,0.04355282799757565,-0.22359398120306606
2026-06-18,EXECUTABLE_NEAR_MISS,BEAM,Closest executable near-miss after Candidate 34 checks failed.,34.13999938964844,2,68.34827877807616,31.651721221923836,0.8240000000000001,0.47604160505494414,1.8123744454944974,0.16082963504852033,0.2593138554416916,-0.06311743478976817,119814327.85797119,False,smoke_score_below_min,True,0.04071468700933534,True,-0.007029814530175482,True,0.019625131681921815,False,,False,,False,0.08025781275489985,-0.03954301400867699
2026-06-18,EXECUTABLE_NEAR_MISS,HPE,Closest executable near-miss after Candidate 34 checks failed.,47.40999984741211,2,94.91481969451904,5.085180305480961,0.776,0.40273261583154535,1.296593542483908,0.013034201288373293,0.40266274904020305,-0.2621011696900839,2528745089.8612976,False,"smoke_score_below_min, rank_gap_below_min, relative_volume_prev20_below_min",True,0.02088170600407291,True,0.028264082617604824,True,-0.07804262338847945,False,,False,,False,0.05884836373142566,-0.1050411212458201
2026-06-18,EXECUTABLE_NEAR_MISS,SMR,Closest executable near-miss after Candidate 34 checks failed.,11.739999771118164,8,94.01391816711424,5.986081832885759,0.704,0.4416807988138515,1.863127189324664,0.2267502764360123,0.12993256816040444,-0.7955416205939979,804134806.32267,False,"smoke_score_below_min, rank_gap_below_min, distance_to_52w_high_prev_below_min",True,-0.042589438649740075,True,-0.13032365952299063,True,-0.1396933067820867,False,,False,,False,0.00936972849200357,-0.17206128990383807
2026-06-18,EXECUTABLE_NEAR_MISS,SOFI,Closest executable near-miss after Candidate 34 checks failed.,17.90999984741211,5,89.6395492362976,10.360450763702403,0.704,0.3485663115820325,1.0250968042382922,0.07438510890480088,0.14149141659662012,-0.45279559737542296,1450013288.6463165,False,"smoke_score_below_min, rank_gap_below_min, relative_volume_prev20_below_min, distance_to_52w_high_prev_below_min",True,-0.0452261012196169,True,-0.03350085910561429,True,-0.001675080228984105,False,,False,,False,0.07146849232555752,-0.06644335813490054
2026-06-22,EXECUTABLE_NEAR_MISS,BEAM,Closest executable near-miss after Candidate 34 checks failed.,35.529998779296875,2,71.13105755615234,28.868942443847658,0.8461538461538461,0.4263165932347115,1.2983878006508647,0.22390623282491062,0.28406211352839583,-0.024972554382730383,92495245.82214355,False,"smoke_score_below_min, relative_volume_prev20_below_min",True,-0.06557833088683074,True,-0.045032325614753566,True,-0.01632417777327322,False,,False,,False,0.03433721538470791,-0.07711787103595713
2026-06-22,EXECUTABLE_NEAR_MISS,SMCI,Closest executable near-miss after Candidate 34 checks failed.,35.459999084472656,2,70.99091816711424,29.009081832885755,0.8461538461538461,0.4858924397963104,1.8345704197052548,0.16414970946433183,0.059772864755639254,-0.40303033377829567,4557046040.343475,False,"smoke_score_below_min, distance_to_52w_high_prev_below_min",True,-0.06034967413706194,True,-0.10659895309901668,True,-0.20614776239921873,False,,False,,False,-0.02961080835222929,-0.22504229408541176
2026-06-22,EXECUTABLE_NEAR_MISS,CORZ,Closest executable near-miss after Candidate 34 checks failed.,29.079999923706055,3,87.32723977088926,12.672760229110736,0.7384615384615385,0.33466678339216105,0.7966164351448339,0.05362317107901138,0.17163578893073828,-0.04530529226017188,308311975.19111633,False,"smoke_score_below_min, rank_gap_below_min, relative_volume_prev20_below_min",True,0.0027510290204930676,True,-0.06224207258222403,True,-0.1079779710414891,False,,False,,False,0.014614829373300164,-0.2214580657136701
2026-06-22,EXECUTABLE_NEAR_MISS,SOFI,Closest executable near-miss after Candidate 34 checks failed.,17.100000381469727,5,85.58550190925598,14.414498090744019,0.7307692307692308,0.34760336244441303,0.9361225696920249,0.031363115811609665,0.0926518081970169,-0.47754351907634207,1293355108.8523865,False,"smoke_score_below_min, rank_gap_below_min, relative_volume_prev20_below_min, distance_to_52w_high_prev_below_min",True,0.011111142094681448,True,0.011695839247322315,True,0.06374269755976503,False,,False,,False,0.12222222841893626,-0.022222284189362895
2026-06-22,EXECUTABLE_NEAR_MISS,RBLX,Closest executable near-miss after Candidate 34 checks failed.,47.27000045776367,2,94.63454091644286,5.365459083557141,0.6692307692307693,0.44253183447354233,1.9750942025695737,0.09143382495745578,0.024490704010905473,-0.6671126728326502,1028250138.9575958,False,"smoke_score_below_min, rank_gap_below_min, distance_to_52w_high_prev_below_min",True,-0.0033848074013680396,True,-0.018616481057611267,True,0.1495663132294942,False,,False,,False,0.23609053817089998,-0.05436851427832212
2026-06-24,EXECUTABLE_NEAR_MISS,BEAM,Closest executable near-miss after Candidate 34 checks failed.,33.900001525878906,2,67.86780305480956,32.132196945190444,0.8222222222222222,0.5668669658018619,1.4129138033278683,0.09390131578744909,0.13796577657066544,-0.08080258828443199,102981424.63531494,False,"smoke_score_below_min, relative_volume_prev20_below_min",True,0.0008849197034392908,True,0.03097342742769471,True,-0.012389438487840576,False,,False,,False,0.08407074766487654,-0.0312684756807996
2026-06-24,EXECUTABLE_NEAR_MISS,CORZ,Closest executable near-miss after Candidate 34 checks failed.,27.790000915527344,3,83.4533727493286,16.546627250671406,0.7407407407407407,0.3557623408687551,0.9796388455965732,-0.010327600034424678,0.05384907209336398,-0.0876558847405342,352677343.6187744,False,"smoke_score_below_min, relative_volume_prev20_below_min, return_5d_not_positive",True,-0.018711782678392352,True,-0.06657072042182122,True,-0.14681546227567888,False,,False,,False,0.0248290249721963,-0.18531850867991162
2026-06-24,EXECUTABLE_NEAR_MISS,SOFI,Closest executable near-miss after Candidate 34 checks failed.,17.309999465942383,5,86.63654732704161,13.363452672958388,0.7407407407407407,0.406231077000347,1.4338574707809006,-0.022586089170437917,0.08322903390521175,-0.47112741496972077,2077109923.915863,False,"smoke_score_below_min, relative_volume_prev20_below_min, return_5d_not_positive, distance_to_52w_high_prev_below_min",True,-0.000577713991355755,True,0.05083772936253683,True,0.06528024858339965,False,,False,,False,0.10860780624598854,-0.028307324450370097
2026-06-24,EXECUTABLE_NEAR_MISS,HPE,Closest executable near-miss after Candidate 34 checks failed.,48.75,2,97.59749999999998,2.4025000000000176,0.7037037037037037,0.28858270474354303,0.48613323158077637,0.00764776609582607,0.2808722606670948,-0.24124513618677046,1026348375.0,False,"smoke_score_below_min, rank_gap_below_min, relative_volume_prev20_below_min",True,-0.04164100060096154,True,-0.08902564415564906,True,-0.09846152281149845,False,,False,,False,-0.012102567232572081,-0.12964101938100958
2026-06-24,EXECUTABLE_NEAR_MISS,PATH,Closest executable near-miss after Candidate 34 checks failed.,10.3100004196167,9,92.88279378032684,7.1172062196731645,0.6814814814814815,0.4025929453258202,1.5788920634879373,-0.019961979943831087,-0.07033360885835294,-0.48034272478209217,814078664.1329765,False,"smoke_score_below_min, rank_gap_below_min, return_5d_not_positive, distance_to_52w_high_prev_below_min",True,-0.03685742958049709,True,0.035887475315237394,True,0.120271553894298,False,,False,,False,0.1561590292095354,-0.04267706267212501
2026-06-25,EXECUTABLE_NEAR_MISS,BEAM,Closest executable near-miss after Candidate 34 checks failed.,33.93000030517578,2,67.9278606109619,32.0721393890381,0.7642857142857143,0.374061027603742,0.9665492484336766,0.04464288126155602,0.06396992645253952,-0.07998917238345449,73176831.6581726,False,"smoke_score_below_min, relative_volume_prev20_below_min",True,0.025935781320373108,True,0.011494234781629142,True,0.03654576636064388,False,,False,,False,0.08311228026703099,-0.03212496736764303
2026-06-25,EXECUTABLE_NEAR_MISS,SOFI,Closest executable near-miss after Candidate 34 checks failed.,17.299999237060547,5,86.58649618148802,13.413503818511984,0.7571428571428571,0.3671900436972333,1.0332818218465285,-0.006888681900564464,0.06988244622356188,-0.4714329520617373,1531190062.4736786,False,"smoke_score_below_min, relative_volume_prev20_below_min, return_5d_not_positive, distance_to_52w_high_prev_below_min",True,0.033526008629154225,True,0.03641624831783963,True,0.07543354697843996,False,,False,,False,0.10924863470214818,-0.017919045064365813
2026-06-25,EXECUTABLE_NEAR_MISS,F,Closest executable near-miss after Candidate 34 checks failed.,14.109999656677246,7,98.86876759433744,1.1312324056625584,0.7500000000000001,0.3536648948917797,0.9329840540260167,0.0107449583180792,-0.11146098520201353,-0.20641174849474475,871171132.8027725,False,"smoke_score_below_min, rank_gap_below_min, relative_volume_prev20_below_min",True,0.0014174669206463708,True,-0.014883064724072859,True,-0.020907163959734243,False,,False,,False,0.026222529735072442,-0.03968812753849893
2026-06-25,EXECUTABLE_NEAR_MISS,SDGR,Closest executable near-miss after Candidate 34 checks failed.,16.139999389648438,6,96.9368363342285,3.063163665771498,0.7214285714285714,0.38743063560318963,1.3225900061429923,0.03927879376470167,0.2190332076029453,-0.29887058780639164,28320856.929016113,False,"smoke_score_below_min, rank_gap_below_min, relative_volume_prev20_below_min",True,0.04460974274663876,True,0.006815403625238803,True,0.07123923777902363,False,,False,,False,0.10408924217514337,-0.0167285944423593
2026-06-25,EXECUTABLE_NEAR_MISS,DNA,Closest executable near-miss after Candidate 34 checks failed.,9.569999694824219,10,95.79569694519043,4.2043030548095714,0.6928571428571428,0.35291101570621214,1.0976277127844811,0.11929818495146582,0.09873704396219596,-0.45563141431420673,13724336.562347412,False,"smoke_score_below_min, rank_gap_below_min, relative_volume_prev20_below_min, distance_to_52w_high_prev_below_min, dollar_volume_below_min",True,0.07105541555487704,True,0.03552770777743852,True,0.13845358465957514,False,,False,,False,0.16405440946331962,-0.022988434730408125
2026-06-26,EXECUTABLE_NEAR_MISS,BEAM,Closest executable near-miss after Candidate 34 checks failed.,34.810001373291016,2,69.6896227493286,30.310377250671394,0.7724137931034483,0.5105019805006891,2.1738281693337873,0.019625131681921815,0.06128055435926294,-0.05612797274601611,166684210.5758667,False,smoke_score_below_min,True,0.004021815114200411,True,-0.03820746275738929,False,,False,,False,,False,0.05573107009979905,-0.05659296590015839
2026-06-26,EXECUTABLE_NEAR_MISS,SDGR,Closest executable near-miss after Candidate 34 checks failed.,16.860000610351562,5,84.38430305480956,15.615696945190436,0.7655172413793103,0.5758887703925973,2.8864472093954454,0.06979697750599412,0.19067802203634243,-0.2675933850963327,66237884.39788818,False,smoke_score_below_min,True,0.031435276400374024,True,-0.027876702472629633,False,,False,,False,,False,0.05693944541634499,-0.05871890207314989
2026-06-26,EXECUTABLE_NEAR_MISS,PYPL,Closest executable near-miss after Candidate 34 checks failed.,44.290000915527344,2,88.66858183288574,11.331418167114265,0.7448275862068966,0.4684998179943663,1.9820156033286067,0.04187256326219346,-0.0038236206128191563,-0.44088868316538354,1472478657.4378967,False,"smoke_score_below_min, rank_gap_below_min, distance_to_52w_high_prev_below_min",True,0.002032064816605894,True,-0.004967288691700933,False,,False,,False,,False,0.022804206381922043,-0.04583433172344897
2026-06-26,EXECUTABLE_NEAR_MISS,CORZ,Closest executable near-miss after Candidate 34 checks failed.,27.200000762939453,3,81.68160229110717,18.31839770889283,0.6758620689655173,0.41054273206358677,1.6672983816757294,-0.06721533246669764,-0.020172891258111503,-0.10702555546677694,559958255.7064056,False,"smoke_score_below_min, rank_gap_below_min, return_5d_not_positive",True,-0.046323536527197895,True,-0.12830888163878273,False,,False,,False,,False,0.030882357684798523,-0.16764710460979504
2026-06-26,EXECUTABLE_NEAR_MISS,DNA,Closest executable near-miss after Candidate 34 checks failed.,10.25,9,92.34224999999999,7.657750000000007,0.6758620689655173,0.4345993049455708,1.8838075376135857,0.11777534511674026,0.08350950937287438,-0.41695107824328204,25924300.0,False,"smoke_score_below_min, rank_gap_below_min, distance_to_52w_high_prev_below_min",True,-0.003902435302734375,True,0.002926803216701579,False,,False,,False,,False,0.08682930178758586,-0.05756099049637953
2026-06-29,EXECUTABLE_NEAR_MISS,RIVN,Closest executable near-miss after Candidate 34 checks failed.,16.809999465942383,5,84.13404732704163,15.865952672958372,0.7851851851851852,0.45223845716018657,1.159035003330569,0.11324496962073693,0.0312883590645987,-0.25914503877112616,651821177.2914886,False,"smoke_score_below_min, relative_volume_prev20_below_min",True,0.032123791355342046,True,0.140392664207575,False,,False,,False,,False,0.15645455988524581,-0.024985133232447665
2026-06-29,EXECUTABLE_NEAR_MISS,SDGR,Closest executable near-miss after Candidate 34 checks failed.,17.389999389648438,5,87.03694694519042,12.963053054809578,0.7481481481481482,0.39476160108670805,1.3084099653359273,0.14182533895827953,0.14407892157001156,-0.24456998071937364,34033967.80548096,False,"smoke_score_below_min, relative_volume_prev20_below_min",True,-0.06555488382173447,True,-0.0057618602210638414,False,,False,,False,,False,0.024726872930872057,-0.08740653004244203
2026-06-29,EXECUTABLE_NEAR_MISS,S,Closest executable near-miss after Candidate 34 checks failed.,16.729999542236328,5,83.73364770889282,16.266352291107182,0.7407407407407407,0.3706263166295869,1.1134146274440597,0.13500677082895263,0.010876151871518136,-0.13316061121335243,152520713.8267517,False,"smoke_score_below_min, rank_gap_below_min, relative_volume_prev20_below_min",True,0.014345473860430502,True,0.07441726678415539,False,,False,,False,,False,0.07591156560150791,-0.018529556152094506
2026-06-29,EXECUTABLE_NEAR_MISS,BEAM,Closest executable near-miss after Candidate 34 checks failed.,34.95000076293945,2,69.96990152740477,30.030098472595228,0.7185185185185186,0.3762295312345372,1.2305102255552791,-0.01632417777327322,0.061342254450151845,-0.05233189396093518,101159282.20825195,False,"smoke_score_below_min, rank_gap_below_min, relative_volume_prev20_below_min, return_5d_not_positive",True,-0.01802578124070542,True,0.006294632366335762,False,,False,,False,,False,0.0317596734226282,-0.06037197608845213
2026-06-29,EXECUTABLE_NEAR_MISS,LCID,Closest executable near-miss after Candidate 34 checks failed.,6.510000228881836,15,97.74765343666076,2.2523465633392448,0.6518518518518518,0.40686020479190343,1.7061862875715756,0.2616279886416646,-0.006106864227211517,-0.7419738269125309,167655290.89450836,False,"smoke_score_below_min, rank_gap_below_min, distance_to_52w_high_prev_below_min",True,0.027649742244254982,True,0.0015360601679110797,False,,False,,False,,False,0.06912439223407363,-0.03533026282442875
2026-06-30,EXECUTABLE_NEAR_MISS,RIVN,Closest executable near-miss after Candidate 34 checks failed.,17.350000381469727,5,86.83675190925598,13.16324809074402,0.7925925925925925,0.4951746691356606,0.9676831333320585,0.1652115501293545,0.02359879649119878,-0.23534596857203982,544333706.9681168,False,"smoke_score_below_min, relative_volume_prev20_below_min",True,-0.009798275075285301,False,,False,,False,,False,,False,0.12046110124701026,-0.01613836775153943
2026-06-30,EXECUTABLE_NEAR_MISS,SDGR,Closest executable near-miss after Candidate 34 checks failed.,16.25,6,97.5975,2.4025000000000034,0.7185185185185186,0.4443243438489081,1.8433635390846168,0.08045213039999854,0.028481000242583265,-0.29409210786876583,44229250.0,False,smoke_score_below_min,True,0.008615347055288547,False,,False,,False,,False,,False,0.06453540508563704,-0.02338462242713346
2026-06-30,EXECUTABLE_NEAR_MISS,PATH,Closest executable near-miss after Candidate 34 checks failed.,10.869999885559082,9,97.92782896900175,2.0721710309982484,0.6814814814814815,0.3704732687673229,1.2898149744614615,0.0698818945679236,-0.17022904053232202,-0.4521169454657882,703785751.5904427,False,"smoke_score_below_min, rank_gap_below_min, relative_volume_prev20_below_min, distance_to_52w_high_prev_below_min",True,0.06255752643375545,False,,False,,False,,False,,False,0.09659615471843752,0.019319230943687593
2026-06-30,EXECUTABLE_NEAR_MISS,S,Closest executable near-miss after Candidate 34 checks failed.,16.969999313354492,5,84.93484656333922,15.065153436660779,0.6814814814814814,0.33787316883517376,0.9964140750721198,0.12161263615308071,-0.047164524299633026,-0.12072538942032218,120101776.14040375,False,"smoke_score_below_min, rank_gap_below_min, relative_volume_prev20_below_min",True,0.03653511280613264,False,,False,,False,,False,,False,0.060695387644179366,0.015910457789541255
2026-06-30,EXECUTABLE_NEAR_MISS,F,Closest executable near-miss after Candidate 34 checks failed.,13.899999618530273,7,97.39729732704161,2.6027026729583866,0.6666666666666666,0.336916950127044,1.0322525511433958,-0.00714288439069477,-0.1641611352980058,-0.21822277380616129,824390907.3755264,False,"smoke_score_below_min, rank_gap_below_min, relative_volume_prev20_below_min, return_5d_not_positive",True,-0.018704984341216147,False,,False,,False,,False,,False,0.0071942722456204145,-0.025179815640341552
