policy_name,split_name,sample_count,total_buy_count,median_buy_count,minimum_buy_count,median_no_trade_count,median_buy_rate,worst_sample_ending_value,median_ending_account_value,worst_max_drawdown,median_simulated_win_rate,median_accuracy_1d,median_accuracy_3d,median_accuracy_5d,median_accuracy_10d,median_accuracy_20d,median_profit_factor,worst_trade_loss_percent,max_top_ticker_loss_share,max_top_theme_loss_share,median_ending_value_excluding_best_trade,total_excluded_trades,total_excluded_loser_count,total_excluded_winner_count,excluded_loser_dollars_avoided,excluded_winner_dollars_missed,median_overlay_false_positive_rate,median_overlay_false_negative_rate
candidate34_frozen_baseline,calibration,10,345,34.0,29,66.0,0.34,38.0969616014619,185.82498521559634,-0.6629919232131725,0.4264705882352941,0.5218487394957982,0.4609800362976406,0.4589783281733746,0.5071428571428571,0.5345864661654135,1.3314416492542636,-0.21628311696796101,0.35232464126960916,0.4582015037647146,141.63176254299768,0,0,0,0.0,0.0,0.0,0.5735294117647058
candidate34_frozen_baseline,holdout,10,327,32.0,29,68.0,0.32,59.30259105103381,136.88275617766422,-0.5991561694765073,0.39920424403183025,0.5,0.4346153846153846,0.42107371794871795,0.5,0.5,1.1773358838020687,-0.19412548905865287,0.35143522186282855,0.408544888921585,93.39767462761101,0,0,0,0.0,0.0,0.0,0.6007957559681698
candidate34_frozen_baseline,validation,10,327,33.0,28,67.0,0.33,40.3509529787475,156.2616766755245,-0.6965480142720413,0.42857142857142855,0.46651785714285715,0.4875,0.3933982683982684,0.5138528138528138,0.5,1.253397559485431,-0.21063748795922524,0.31418884998990326,0.502038583451404,118.18910288919768,0,0,0,0.0,0.0,0.0,0.5714285714285714
candidate35_trend_quality_frozen,calibration,10,862,86.0,84,14.0,0.86,137.8129672318874,243.66099974577855,-0.5694574601830511,0.5113636363636364,0.5443977591036415,0.5497264021887824,0.5706716036772217,0.5954290296712108,0.6493721083939195,1.484095019491253,-0.12005384272221833,0.41303409025554627,0.5250898138828126,194.29004687145857,0,0,0,0.0,0.0,0.0,0.48863636363636365
candidate35_trend_quality_frozen,holdout,10,894,89.5,88,10.5,0.895,191.39391152341082,237.3990558587489,-0.4908790044538742,0.5155187074829932,0.5475031210986268,0.5222222222222223,0.5475031210986268,0.5674242424242424,0.6306818181818181,1.5128918674890732,-0.12290579040323074,0.2914630015639451,0.532002580354337,199.47269739300924,0,0,0,0.0,0.0,0.0,0.4844812925170068
candidate35_trend_quality_frozen,validation,10,876,87.5,86,12.5,0.875,162.97394521508963,223.7774669669023,-0.5515302093630572,0.48936170212765956,0.5344873150105708,0.5367083758937692,0.5340909090909091,0.5679969004261913,0.6321353065539113,1.3982559219248147,-0.11946051931003697,0.3159951123180114,0.5512217912203895,181.7011118360254,0,0,0,0.0,0.0,0.0,0.5106382978723404
overlay_combined_conservative,calibration,10,562,56.0,51,44.0,0.56,82.44013547842881,192.7743830902922,-0.4209127504180832,0.5,0.5546610169491526,0.5727513227513228,0.539043583535109,0.6203703703703705,0.681878306878307,1.803341680329253,-0.08115235589955078,0.34424320735498243,0.4924745585982983,167.05857893902964,300,138,162,1244.2719271180279,2299.877418629784,0.5375,0.5
overlay_combined_conservative,holdout,10,584,58.5,55,41.5,0.585,75.95761782809691,172.5170686488837,-0.42140103537942253,0.46464646464646464,0.5687034277198211,0.5,0.5267942583732057,0.5641437755698422,0.6439655172413794,1.6695721652300213,-0.07862701366116022,0.49575491011162626,0.49575491011162626,152.55535317012283,310,137,173,1234.1393206456037,2463.3688159480794,0.5405844155844155,0.5353535353535354
overlay_combined_conservative,validation,10,575,57.5,56,42.5,0.575,92.1555967499873,169.01393822922074,-0.45754846648880243,0.4646825396825397,0.5825771324863884,0.5357142857142857,0.5178571428571429,0.5644673123486683,0.6428571428571429,1.4939891393388909,-0.08140627170572723,0.44530681499767205,0.5137381795717031,145.84926557792983,301,138,163,1243.6124155547266,2313.229013104168,0.5313479623824451,0.5353174603174603
overlay_high_volatility_tail_skip,calibration,10,562,56.0,51,44.0,0.56,82.44013547842881,192.7743830902922,-0.4209127504180832,0.5,0.5546610169491526,0.5727513227513228,0.539043583535109,0.6203703703703705,0.681878306878307,1.803341680329253,-0.08115235589955078,0.34424320735498243,0.4924745585982983,167.05857893902964,300,138,162,1244.2719271180279,2299.877418629784,0.5375,0.5
overlay_high_volatility_tail_skip,holdout,10,584,58.5,55,41.5,0.585,75.95761782809691,172.5170686488837,-0.42140103537942253,0.46464646464646464,0.5687034277198211,0.5,0.5267942583732057,0.5641437755698422,0.6439655172413794,1.6695721652300213,-0.07862701366116022,0.49575491011162626,0.49575491011162626,152.55535317012283,310,137,173,1234.1393206456037,2463.3688159480794,0.5405844155844155,0.5353535353535354
overlay_high_volatility_tail_skip,validation,10,575,57.5,56,42.5,0.575,92.1555967499873,169.01393822922074,-0.45754846648880243,0.4646825396825397,0.5825771324863884,0.5357142857142857,0.5178571428571429,0.5644673123486683,0.6428571428571429,1.4939891393388909,-0.08140627170572723,0.44530681499767205,0.5137381795717031,145.84926557792983,301,138,163,1243.6124155547266,2313.229013104168,0.5313479623824451,0.5353174603174603
overlay_market_regime_risk_off_skip,calibration,10,842,84.0,82,16.0,0.84,126.0539507855013,229.7597272436967,-0.5614710292853244,0.5119047619047619,0.550280112044818,0.550280112044818,0.5607457898957497,0.5858543417366946,0.6411161888935051,1.4856591015424745,-0.12227805925898598,0.40842569599236644,0.47468908102323687,182.4125590635034,20,0,20,0.0,108.32881304931662,1.0,0.4880952380952381
overlay_market_regime_risk_off_skip,holdout,10,875,87.5,86,12.5,0.875,196.36536401326373,232.4925090022094,-0.5122873532651876,0.49489795918367346,0.54858934169279,0.5113636363636364,0.54858934169279,0.5574788583509513,0.622093023255814,1.4678757971172534,-0.12094672403973866,0.29540297379188746,0.4974080953026068,187.13599322353156,19,0,19,0.0,101.15371923065207,1.0,0.5051020408163265
overlay_market_regime_risk_off_skip,validation,10,857,86.0,84,14.0,0.86,149.21941783237523,221.57963487182434,-0.5482924005891255,0.47154255319148936,0.535437430786268,0.5318096765570703,0.5321477428180574,0.557944557133198,0.6234772978959026,1.4038560920868424,-0.12408699425736214,0.3172490935028277,0.4961719026039238,180.1287080992979,19,0,19,0.0,90.17402106857318,1.0,0.5284574468085106
overlay_theme_loss_cooldown_10pct_3,calibration,10,841,84.5,81,15.5,0.845,137.8129672318874,257.904364612512,-0.6285314564930148,0.5113636363636364,0.5568475452196382,0.5542483660130719,0.575007177720356,0.5906976744186047,0.6465690496698249,1.5253867992360726,-0.12194354223780841,0.40587509173602854,0.5271323777377515,207.1555613943516,21,8,13,59.72754863847996,94.58025589098258,0.6666666666666666,0.48863636363636365
overlay_theme_loss_cooldown_10pct_3,holdout,10,876,89.0,83,11.0,0.89,171.7540532418666,235.75673257514492,-0.5414423960666014,0.5060975609756098,0.5475031210986268,0.5280898876404494,0.550561797752809,0.5747521480502313,0.6322538003965631,1.503553561897747,-0.12290579040323074,0.28521985093917085,0.5382331822937647,194.34137859739656,18,7,11,56.07318612670889,73.2902271302088,0.4666666666666667,0.49390243902439024
overlay_theme_loss_cooldown_10pct_3,validation,10,856,85.5,83,14.5,0.855,151.67520729092257,239.1026852110461,-0.6185144019400478,0.5002364066193853,0.544550294200056,0.5411992798781332,0.5433155080213903,0.5721256684491979,0.6321353065539113,1.459717716837586,-0.11946051931003697,0.30621426669956264,0.5413218799469557,199.36607754939007,20,9,11,71.98199620601099,93.6265322359631,0.5833333333333333,0.4997635933806146
overlay_theme_loss_cooldown_10pct_5,calibration,10,824,82.5,80,17.5,0.825,137.20796239539624,215.278866847039,-0.6166753973662059,0.5,0.5602497096399536,0.5590277777777778,0.5794642857142858,0.5928714859437751,0.6461309523809524,1.3896829800869201,-0.12099127750647713,0.40587509173602854,0.5051006324740521,179.02550696468427,38,19,19,111.43719067137562,169.99575643103478,0.45,0.5
overlay_theme_loss_cooldown_10pct_5,holdout,10,860,87.0,81,13.0,0.87,183.36010288184085,228.77452579695915,-0.5081974533739682,0.5111996017919362,0.5475031210986268,0.5402298850574713,0.5511429678419217,0.5825370447306467,0.641653290529695,1.461203099445211,-0.12155398897326011,0.2914630015639451,0.5110355109793059,186.00463176420828,34,17,17,106.5992922455922,146.0002438304085,0.3666666666666667,0.4888003982080637
overlay_theme_loss_cooldown_10pct_5,validation,10,840,83.5,81,16.5,0.835,153.194508926801,218.80382875789985,-0.6062782282961536,0.48858329008822,0.5456349206349207,0.5476460578559275,0.5421686746987951,0.5798543009246288,0.632996632996633,1.4185190153073877,-0.12179779238051723,0.30762687205106976,0.521528851699007,180.52433294071534,36,21,15,136.52652938038943,149.96899103314547,0.325,0.5114167099117799
overlay_theme_loss_cooldown_10pct_8,calibration,10,792,79.0,77,21.0,0.79,139.1195996830811,212.19671274491776,-0.6005089523787451,0.5060975609756098,0.5612720612720612,0.5668614086335606,0.5849952516619183,0.5888247554914221,0.6538461538461539,1.4227477485145985,-0.12261704357715543,0.4469049785391774,0.4638514019186745,175.94335286256302,70,35,35,232.13628156403092,396.47368175969854,0.375,0.49390243902439024
overlay_theme_loss_cooldown_10pct_8,holdout,10,834,82.0,78,18.0,0.82,185.71675971576198,242.24172385535974,-0.5097140975788821,0.5168269230769231,0.5423901940755873,0.5465116279069767,0.5540501165501166,0.5766335441132189,0.6470343680709534,1.5107795844199217,-0.12440019445259948,0.29719856452393845,0.4688027899175829,201.81172275536483,60,31,29,205.59402183260204,309.9635039107462,0.3125,0.4831730769230769
overlay_theme_loss_cooldown_10pct_8,validation,10,814,81.0,78,19.0,0.81,153.90682516207085,225.21494061027323,-0.6063371099923155,0.4935897435897436,0.5410731244064577,0.5521084337349398,0.553639846743295,0.58125,0.6366538952745849,1.444080401480552,-0.11986596115283897,0.31123490568648393,0.4957991495039358,181.78193583495346,62,36,26,251.4947415167941,313.27789811611217,0.3333333333333333,0.5064102564102564
overlay_theme_loss_cooldown_5pct_3,calibration,10,660,65.0,63,35.0,0.65,111.95202058376626,153.5293722017838,-0.4691667789895865,0.46561969439728357,0.515527950310559,0.5,0.5324016563146998,0.5703125,0.615530303030303,1.274248999291214,-0.12217553339751028,0.25524804019532193,0.6313292009092376,121.24769622039834,202,73,129,549.1935759015757,1565.88569941984,0.5938215102974829,0.5343803056027165
overlay_theme_loss_cooldown_5pct_3,holdout,10,700,70.0,67,30.0,0.7,87.42300879723724,181.9062619590083,-0.4319379306288105,0.48684210526315785,0.5110842844600527,0.5147058823529411,0.5460314262691377,0.5514817218256544,0.6027397260273972,1.4698183213655907,-0.11951010740467115,0.28039030357105227,0.5966487956321329,156.3335163732942,194,78,116,591.0780924000052,1417.5222787795756,0.5900621118012422,0.513157894736842
overlay_theme_loss_cooldown_5pct_3,validation,10,676,67.0,64,33.0,0.67,82.82223015431029,130.05896712221465,-0.4250249024038256,0.461100569259962,0.5454963235294117,0.499777183600713,0.5183758802816901,0.5517316017316016,0.5969345484672742,1.184759576996024,-0.12449563575966771,0.19899644942991182,0.6384186305871005,105.29935683192565,200,79,121,583.0983474525717,1454.7599403136126,0.5714285714285714,0.5388994307400379
overlay_theme_loss_cooldown_5pct_5,calibration,10,602,60.5,56,39.5,0.605,105.22266861275303,198.64657019083893,-0.4765468916573776,0.5075757575757576,0.5283368644067796,0.5122950819672132,0.577198093220339,0.6161629098360656,0.6434624697336562,1.5315557199657788,-0.12126382649830748,0.2604862531532829,0.5999112999041193,155.85508603354913,260,127,133,923.9252173201686,1584.1057428361362,0.4907407407407407,0.49242424242424243
overlay_theme_loss_cooldown_5pct_5,holdout,10,633,63.0,60,37.0,0.63,101.78103193555587,185.14815271738652,-0.46550765858959886,0.47969924812030074,0.5358974358974359,0.5239415322580645,0.5481782265144863,0.5743781094527363,0.6317879098360656,1.4770960704216327,-0.12135278356335685,0.26517286285944747,0.46069358391359533,149.14738217769406,261,131,130,948.732866553033,1596.0893627922885,0.49862637362637363,0.5203007518796992
overlay_theme_loss_cooldown_5pct_5,validation,10,613,61.0,57,39.0,0.61,106.39901955427469,173.03928283221433,-0.4445169078571455,0.48484848484848486,0.5239583333333333,0.516141235813367,0.5283368644067796,0.5677966101694916,0.6062748015873016,1.3516911950907233,-0.12180293800680356,0.25748733179618516,0.5254107297672823,132.25076023524204,263,133,130,961.4275964655184,1577.9250149491186,0.4740783410138249,0.5151515151515151
overlay_theme_loss_cooldown_5pct_8,calibration,10,512,51.5,45,48.5,0.515,100.02061392048465,181.1856230782103,-0.48597808122712427,0.49195075757575757,0.513474025974026,0.4954545454545455,0.5766233766233766,0.6306818181818181,0.6336342229199372,1.565581877023443,-0.12240414276038443,0.2657251495126547,0.5941748494624761,147.22661483533082,350,161,189,1165.6423132378702,2277.7112851552984,0.5182926829268293,0.5080492424242424
overlay_theme_loss_cooldown_5pct_8,holdout,10,546,54.5,48,45.5,0.545,56.55013781867736,185.16552919258442,-0.5297894804831891,0.48316498316498313,0.5304075235109718,0.5224842767295598,0.55,0.5700559049615653,0.6276472853292261,1.5395766758372988,-0.12016325103045666,0.2588221452635139,0.5515894358905588,150.63476165437754,348,165,183,1163.8326730578272,2171.2099079633454,0.5071428571428571,0.5168350168350169
overlay_theme_loss_cooldown_5pct_8,validation,10,534,53.5,47,46.5,0.535,109.50273133209816,156.81203749125388,-0.4930778827282225,0.46071428571428574,0.522560528246515,0.5104211897524967,0.5273088381330685,0.5811546840958606,0.6038011695906433,1.3801937683479548,-0.11608187563561716,0.23415722151782956,0.5897043340775474,123.84143887914972,342,169,173,1207.7349390314632,2095.1031376617993,0.5132404181184669,0.5392857142857143
overlay_theme_loss_cooldown_8pct_3,calibration,10,786,78.0,75,22.0,0.78,167.59740300314832,287.5263128525878,-0.4860875114079193,0.5357142857142858,0.5572849807445444,0.5519568151147098,0.5760590500641849,0.6125,0.6601973684210527,1.7593764359717934,-0.12129646321160314,0.33094721129523386,0.5258038337895407,230.67890005384248,76,43,33,346.1710917682643,354.72583538654914,0.3875,0.4642857142857143
overlay_theme_loss_cooldown_8pct_3,holdout,10,816,82.0,80,18.0,0.82,162.02107020650632,228.26584709358272,-0.49463922028354523,0.5055555555555555,0.5465277777777777,0.524390243902439,0.5554878048780488,0.5889792231255646,0.6463414634146342,1.6025782063780807,-0.12088074218957494,0.30737021514907675,0.5146309093099909,191.26841200276843,78,41,37,322.2500181413374,518.2577954819546,0.5267857142857143,0.49444444444444446
overlay_theme_loss_cooldown_8pct_3,validation,10,799,79.5,78,20.5,0.795,178.18263306958403,220.37784998457835,-0.48958161235211417,0.4941860465116279,0.5398223426678712,0.5279320987654321,0.5370426829268293,0.5889039445950015,0.622626582278481,1.4667665655071795,-0.12285116614277314,0.3375122890444986,0.5836118614825762,183.61876042284342,77,39,38,305.6842771441592,469.9699898369657,0.5,0.5058139534883721
overlay_theme_loss_cooldown_8pct_5,calibration,10,752,75.5,72,24.5,0.755,163.89804857322216,307.62317278862065,-0.4348430865920645,0.5253283302063789,0.5583670715249662,0.5389676113360324,0.575187969924812,0.6168831168831168,0.6710526315789473,1.7764415417968615,-0.12139796728459674,0.2536790453915825,0.41750726948858985,258.11834828049865,110,64,46,493.9406070838651,518.5071272016258,0.4145299145299145,0.474671669793621
overlay_theme_loss_cooldown_8pct_5,holdout,10,776,77.5,74,22.5,0.775,163.12755556951296,225.907760334901,-0.48962199282409147,0.4888888888888889,0.5452702702702703,0.542997542997543,0.5542207792207792,0.6012820512820513,0.6536226930963773,1.5681530721489767,-0.11902265919239349,0.2696637740008008,0.4192694607825077,188.0308031849867,118,64,54,472.58256552423705,714.6385518454148,0.4226190476190476,0.5111111111111111
overlay_theme_loss_cooldown_8pct_5,validation,10,762,76.0,73,24.0,0.76,177.37992307186178,233.45857705477368,-0.4914868070827534,0.5,0.5389676113360324,0.5286432976306394,0.5427643133122586,0.6025641025641025,0.638157894736842,1.534137218388705,-0.1229554484155248,0.25444625558766326,0.49197933395990834,191.01381155620362,114,65,49,479.55283484622356,614.7389903048113,0.40909090909090906,0.5
overlay_theme_loss_cooldown_8pct_8,calibration,10,700,70.0,66,30.0,0.7,190.78902536296914,302.29704036181397,-0.4600463722446627,0.5317307692307692,0.573385518590998,0.5610766045548654,0.5847726821520747,0.6339090728608299,0.6928571428571428,1.9038093248746484,-0.12222495888390117,0.2519140618942333,0.3978083202366605,252.68539582027768,162,93,69,693.1189492011742,759.2375851192483,0.424812030075188,0.46826923076923077
overlay_theme_loss_cooldown_8pct_8,holdout,10,730,73.0,70,27.0,0.73,180.6432456452511,222.99447051818083,-0.5020431431606529,0.5,0.5424641148325359,0.5509636767976279,0.5531933819605053,0.6157894736842104,0.6621004566210045,1.5839072481747576,-0.12019159256649659,0.2699507605799737,0.3956553814883989,183.84453528016007,164,88,76,644.5605676126471,956.5837408429561,0.48412698412698413,0.5
overlay_theme_loss_cooldown_8pct_8,validation,10,723,72.5,69,27.5,0.725,186.66863495554296,248.63239078985015,-0.4473318606854584,0.5128205128205128,0.5336257309941521,0.5406392694063926,0.5531400966183575,0.6147660818713451,0.648306697108067,1.656645585798921,-0.12224381571802521,0.28992475239064497,0.468228874998783,205.1639965537621,153,90,63,650.5596665695726,772.6315473997942,0.39522058823529416,0.48717948717948717
overlay_ticker_loss_cooldown_10pct_10,calibration,10,852,85.0,82,15.0,0.85,137.8129672318874,243.4139844282703,-0.5504555148498118,0.5171775898520085,0.5502523128679563,0.5587176291372387,0.5706716036772217,0.5954290296712108,0.6450098121670872,1.5230884880991788,-0.12004988411559323,0.38064424833674393,0.5250898138828126,196.06681624807703,10,4,6,37.314686525617276,99.19996979549956,0.0,0.48282241014799154
overlay_ticker_loss_cooldown_10pct_10,holdout,10,884,88.0,85,12.0,0.88,191.39391152341082,237.34364358697704,-0.4908790044538742,0.5161887141535615,0.5475031210986268,0.5287356321839081,0.5511429678419217,0.5674242424242424,0.625,1.5544456029652352,-0.12290579040323074,0.2914630015639451,0.532002580354337,202.51319174691673,10,5,5,44.31026650782988,73.60253507723125,0.0,0.4838112858464385
overlay_ticker_loss_cooldown_10pct_10,validation,10,862,86.0,84,14.0,0.86,162.97394521508963,226.9328232447085,-0.5515302093630572,0.49468085106382975,0.5385154061624651,0.5402511566424322,0.5380300957592339,0.5653906454141625,0.6299465240641711,1.451576581343422,-0.11946051931003697,0.3159951123180114,0.5512217912203895,192.88189151988763,14,7,7,61.215568837846945,111.40140966851374,0.16666666666666666,0.5053191489361701
overlay_ticker_loss_cooldown_10pct_15,calibration,10,852,85.0,82,15.0,0.85,137.8129672318874,243.4139844282703,-0.5504555148498118,0.5171775898520085,0.5502523128679563,0.5587176291372387,0.5706716036772217,0.5954290296712108,0.6450098121670872,1.5230884880991788,-0.12004988411559323,0.38064424833674393,0.5250898138828126,196.06681624807703,10,4,6,37.314686525617276,99.19996979549956,0.0,0.48282241014799154
overlay_ticker_loss_cooldown_10pct_15,holdout,10,884,88.0,85,12.0,0.88,191.39391152341082,237.34364358697704,-0.4908790044538742,0.5161887141535615,0.5475031210986268,0.5287356321839081,0.5511429678419217,0.5674242424242424,0.625,1.5544456029652352,-0.12290579040323074,0.2914630015639451,0.532002580354337,202.51319174691673,10,5,5,44.31026650782988,73.60253507723125,0.0,0.4838112858464385
overlay_ticker_loss_cooldown_10pct_15,validation,10,862,86.0,84,14.0,0.86,162.97394521508963,226.9328232447085,-0.5515302093630572,0.49468085106382975,0.5385154061624651,0.5402511566424322,0.5380300957592339,0.5653906454141625,0.6299465240641711,1.451576581343422,-0.11946051931003697,0.3159951123180114,0.5512217912203895,192.88189151988763,14,7,7,61.215568837846945,111.40140966851374,0.16666666666666666,0.5053191489361701
overlay_ticker_loss_cooldown_10pct_5,calibration,10,853,85.0,82,15.0,0.85,137.8129672318874,262.587391330311,-0.5504555148498118,0.5227272727272727,0.5502523128679563,0.5613711001642037,0.5706716036772217,0.5954290296712108,0.6450098121670872,1.546160373472944,-0.12004988411559323,0.38064424833674393,0.5250898138828126,211.83858811215066,9,4,5,37.314686525617276,86.95973924473356,0.0,0.4772727272727273
overlay_ticker_loss_cooldown_10pct_5,holdout,10,886,88.0,85,12.0,0.88,191.39391152341082,237.34364358697704,-0.4908790044538742,0.5223214285714286,0.5475031210986268,0.5340909090909091,0.5536899897854954,0.5674242424242424,0.625,1.5544456029652352,-0.12290579040323074,0.2914630015639451,0.532002580354337,202.6322395871713,8,5,3,44.31026650782988,49.12207397569925,0.0,0.4776785714285714
overlay_ticker_loss_cooldown_10pct_5,validation,10,864,86.0,84,14.0,0.86,162.97394521508963,226.9328232447085,-0.5515302093630572,0.5002364066193853,0.54125138427464,0.543370756482224,0.5428422152560084,0.5653906454141625,0.6321353065539113,1.4583234577167676,-0.11946051931003697,0.3159951123180114,0.5512217912203895,192.88189151988763,12,7,5,61.215568837846945,86.92094856698174,0.0,0.4997635933806146
overlay_ticker_loss_cooldown_5pct_10,calibration,10,606,60.0,57,40.0,0.6,126.32315193939253,193.9617791402004,-0.5127355629076178,0.5,0.5038461538461538,0.4956140350877193,0.5534290271132376,0.5761494252873564,0.6147098515519569,1.5975656803630058,-0.12228244287788831,0.240235896222465,0.6145298540262294,162.9597858142857,256,114,142,843.6450839252462,1693.2815438186115,0.5386904761904762,0.5
overlay_ticker_loss_cooldown_5pct_10,holdout,10,650,64.5,60,35.5,0.645,90.898537465232,218.152114843301,-0.4374749574776521,0.4765765765765766,0.5194805194805194,0.5035211267605634,0.5179163214581607,0.5674044265593561,0.6297619047619047,1.6585999458938252,-0.11942492524965044,0.30886898432192456,0.5752669706110732,181.88072297021375,244,116,128,870.6891746924255,1541.5705205782492,0.5,0.5234234234234234
overlay_ticker_loss_cooldown_5pct_10,validation,10,624,60.5,59,39.5,0.605,91.30908345358729,166.56458871555387,-0.47718227242537914,0.47166521360069746,0.521045197740113,0.4957627118644068,0.5,0.5517198404785643,0.6101694915254238,1.314136790058337,-0.12083479384065095,0.22744777171787633,0.6297634916493432,126.13964756652344,252,120,132,889.3688855530864,1663.104866811345,0.5178799489144317,0.5283347863993025
overlay_ticker_loss_cooldown_5pct_15,calibration,10,588,57.5,53,42.5,0.575,80.52666481236079,202.63949309478556,-0.5214475615793229,0.5,0.5042372881355932,0.4957627118644068,0.5534290271132376,0.575187969924812,0.6150323275862069,1.613032992308182,-0.12156447932814812,0.24769115452172344,0.656340773115419,168.35487717485472,274,125,149,906.1132515280576,1762.347080711639,0.543560606060606,0.5
overlay_ticker_loss_cooldown_5pct_15,holdout,10,631,63.5,56,36.5,0.635,97.39225814710366,214.3691941439771,-0.4293549122508281,0.49324324324324326,0.519593253968254,0.5167410714285714,0.5194919517102616,0.5566901408450704,0.6282169117647058,1.6548565789681633,-0.1208461178793104,0.30886898432192456,0.6023486410141524,180.75159792654915,263,129,134,950.5414921275536,1680.8697864817223,0.4791304347826087,0.5067567567567568
overlay_ticker_loss_cooldown_5pct_15,validation,10,599,58.0,54,42.0,0.58,88.70292590904265,170.60538308988356,-0.4780611132353809,0.46291208791208793,0.528782894736842,0.5031156530408774,0.5147058823529411,0.5447860962566844,0.5827784503631961,1.3417596811435735,-0.12110916208114378,0.23622859892058412,0.6511141589313647,133.30875172369878,277,135,142,981.0023278424388,1764.787887235234,0.5080645161290323,0.5370879120879121
overlay_ticker_loss_cooldown_5pct_5,calibration,10,664,65.5,62,34.5,0.655,142.02784224469352,192.38697418914563,-0.4793047433847606,0.5,0.5189340813464236,0.5260210803689065,0.5639482053611995,0.5906947890818859,0.636280137772675,1.5525710683485332,-0.12465263483682122,0.2637732688701243,0.5087582293512682,159.0652233263428,198,96,102,714.7792292232506,1306.3355211118983,0.5,0.5
overlay_ticker_loss_cooldown_5pct_5,holdout,10,700,69.0,67,31.0,0.69,132.5603114377433,180.70578107500148,-0.4568139103380995,0.4792663476874003,0.5318291700241741,0.520866454689984,0.5349761526232115,0.5591972569584509,0.6331478537360891,1.43442876984642,-0.1196937767457927,0.2788842053009278,0.503499909235063,147.24911043405604,194,97,97,736.4347827426358,1258.8887556723193,0.4880952380952381,0.5207336523125996
overlay_ticker_loss_cooldown_5pct_5,validation,10,674,66.5,64,33.5,0.665,94.26777550983454,179.62299140119615,-0.4387156128387497,0.48528174936921786,0.5262443438914027,0.5115384615384615,0.5368364030335862,0.5580528846153846,0.6099597585513079,1.346911461157942,-0.12007864444855858,0.2445165359127935,0.5620207925141488,134.9390140216698,202,101,101,746.0527013096121,1285.1982548260016,0.5227743271221532,0.5147182506307821
overlay_ticker_loss_cooldown_8pct_10,calibration,10,791,79.5,75,20.5,0.795,163.20689465727193,328.84887731306986,-0.4343287656489515,0.525,0.5534188034188035,0.5687607438662291,0.5706112616681722,0.6189248320050008,0.6645833333333333,1.9439410500996266,-0.12185470906417718,0.27604255573014314,0.46471147852218336,277.8938480692599,71,42,29,376.76817745344937,371.7339939362665,0.41428571428571426,0.475
overlay_ticker_loss_cooldown_8pct_10,holdout,10,826,83.0,78,17.0,0.83,197.65481572982296,237.29954156780303,-0.460357322617872,0.5116531165311653,0.546339202965709,0.5430402930402931,0.5508462421113023,0.5799019607843137,0.6381598793363499,1.639116226308361,-0.11773513419066127,0.25551953824729373,0.4775205866541883,199.35314482430104,68,38,30,356.34534783581285,462.0386636941094,0.35416666666666663,0.4883468834688347
overlay_ticker_loss_cooldown_8pct_10,validation,10,806,82.0,76,18.0,0.82,177.13550388009276,231.7362889668606,-0.4255717282070012,0.49444444444444446,0.548054587688734,0.5425595238095238,0.5333529238906847,0.5807515777395296,0.6420731707317073,1.5708035352939897,-0.11990034658730221,0.26481518790871017,0.5215646040219962,197.43151231513758,70,41,29,361.50605759838606,401.4917292671206,0.4,0.5055555555555555
overlay_ticker_loss_cooldown_8pct_15,calibration,10,790,79.5,75,20.5,0.795,163.20689465727193,328.84887731306986,-0.4343287656489515,0.5308139534883721,0.5470085470085471,0.5660018993352327,0.5706112616681722,0.6189248320050008,0.6645833333333333,2.02402821081691,-0.12185470906417718,0.27604255573014314,0.46471147852218336,277.8938480692599,72,43,29,381.2465090694423,371.7339939362665,0.4017857142857143,0.4691860465116279
overlay_ticker_loss_cooldown_8pct_15,holdout,10,825,83.0,78,17.0,0.83,197.65481572982296,237.29954156780303,-0.460357322617872,0.5116531165311653,0.546339202965709,0.5430402930402931,0.5508462421113023,0.5799019607843137,0.6381598793363499,1.639116226308361,-0.12217820030145049,0.25551953824729373,0.4775205866541883,199.35314482430104,69,39,30,364.1199462321141,462.0386636941094,0.3333333333333333,0.4883468834688347
overlay_ticker_loss_cooldown_8pct_15,validation,10,804,82.0,75,18.0,0.82,177.13550388009276,231.7362889668606,-0.4255717282070012,0.5,0.548054587688734,0.5425595238095238,0.5333529238906847,0.5807515777395296,0.6420731707317073,1.5964625169439328,-0.12272500836166893,0.26481518790871017,0.5215646040219962,197.43151231513758,72,43,29,377.0552543909886,401.4917292671206,0.4,0.5
overlay_ticker_loss_cooldown_8pct_5,calibration,10,802,80.5,76,19.5,0.805,163.20689465727193,276.1149235958381,-0.47878120226687715,0.5241066364152014,0.5554878048780488,0.5617378048780488,0.5643631436314362,0.6112804878048781,0.6605182926829268,1.6653438169057475,-0.12157492902318684,0.2661067600270638,0.42732714258244875,239.73053730038308,60,34,26,310.3181937670023,353.8117661320825,0.4,0.4758933635847986
overlay_ticker_loss_cooldown_8pct_5,holdout,10,834,84.0,79,16.0,0.84,175.92786917427668,246.95446293510773,-0.460357322617872,0.5169671261930011,0.5396323086196504,0.5374277230817315,0.5561624649859944,0.5799019607843137,0.6341027550260611,1.5645879242106133,-0.11863006221623323,0.26345112655746716,0.4775205866541883,207.28362309326508,60,32,28,302.01746144485446,437.5582025925774,0.41666666666666663,0.48303287380699894
overlay_ticker_loss_cooldown_8pct_5,validation,10,815,83.0,78,17.0,0.83,177.13550388009276,239.01055434758382,-0.4952322398003688,0.49444444444444446,0.5481927710843373,0.5421686746987951,0.536144578313253,0.5807515777395296,0.6342406663691804,1.4841097583348,-0.12230322253566696,0.2813730022984321,0.5215646040219962,198.6662999549599,61,34,27,303.63626527827097,377.0112681655886,0.4444444444444444,0.5055555555555555
