candidate_id,variant,remaining_trade_count,avg_realized_return,avg_realized_excess_return,median_realized_return,realized_win_rate,worst_realized_return,best_realized_return,stop_hit_rate,target_1_hit_rate,target_2_hit_rate,time_exit_rate,avg_holding_days,avg_realized_excess_excluding_best_trade,valid_windows,windows_positive_realized_excess,windows_win_rate_ge_52pct
1,base,39,-0.01828082359956245,-0.017819010074215293,-0.0827199733970927,0.2564102564102564,-0.18917412554063606,0.29689136545041594,0.7435897435897436,0.2564102564102564,0.0,0.0,4.153846153846154,-0.026236980234739183,8,3,1
1,excluding_mstr,39,-0.01828082359956245,-0.017819010074215293,-0.0827199733970927,0.2564102564102564,-0.18917412554063606,0.29689136545041594,0.7435897435897436,0.2564102564102564,0.0,0.0,4.153846153846154,-0.026236980234739183,8,3,1
1,excluding_most_selected_ticker,32,-0.017775650974236376,-0.01656198882299482,-0.07410907543166534,0.25,-0.18917412554063606,0.29689136545041594,0.75,0.25,0.0,0.0,4.5625,-0.026840241882629897,8,3,1
1,excluding_top3_selected_tickers,23,-0.001259641287892794,0.000751841680887778,-0.07384887566787413,0.30434782608695654,-0.18917412554063606,0.29689136545041594,0.6956521739130435,0.30434782608695654,0.0,0.0,5.217391304347826,-0.012944158971148801,7,3,1
1,per_ticker_cap_10_full_period,39,-0.01828082359956245,-0.017819010074215293,-0.0827199733970927,0.2564102564102564,-0.18917412554063606,0.29689136545041594,0.7435897435897436,0.2564102564102564,0.0,0.0,4.153846153846154,-0.026236980234739183,8,3,1
1,per_ticker_cap_5_per_year,39,-0.01828082359956245,-0.017819010074215293,-0.0827199733970927,0.2564102564102564,-0.18917412554063606,0.29689136545041594,0.7435897435897436,0.2564102564102564,0.0,0.0,4.153846153846154,-0.026236980234739183,8,3,1
1,equal_ticker_weighted,39,0.013855413771305804,0.012764177569082867,-0.002912055673522314,0.3477891156462585,-0.18917412554063606,0.29689136545041594,0.6522108843537415,0.3477891156462585,0.0,0.0,4.795408163265306,-0.026236980234739183,8,3,1
2,base,33,-0.0021177529973230016,-0.004356387421418858,-0.07384887566787413,0.30303030303030304,-0.1660145217699841,0.29689136545041594,0.696969696969697,0.30303030303030304,0.0,0.0,4.363636363636363,-0.013932020029141089,8,3,1
2,excluding_mstr,33,-0.0021177529973230016,-0.004356387421418858,-0.07384887566787413,0.30303030303030304,-0.1660145217699841,0.29689136545041594,0.696969696969697,0.30303030303030304,0.0,0.0,4.363636363636363,-0.013932020029141089,8,3,1
2,excluding_most_selected_ticker,27,-0.002971424059630854,-0.004136610068284696,-0.07303796113176464,0.2962962962962963,-0.1660145217699841,0.29689136545041594,0.7037037037037037,0.2962962962962963,0.0,0.0,4.888888888888889,-0.015913551071899203,8,3,1
2,excluding_top3_selected_tickers,18,0.04123087416586478,0.03689916545183406,-0.03655967008561839,0.4444444444444444,-0.1660145217699841,0.29689136545041594,0.5555555555555556,0.4444444444444444,0.0,0.0,5.388888888888889,0.02130124247690121,8,3,2
2,per_ticker_cap_10_full_period,33,-0.0021177529973230016,-0.004356387421418858,-0.07384887566787413,0.30303030303030304,-0.1660145217699841,0.29689136545041594,0.696969696969697,0.30303030303030304,0.0,0.0,4.363636363636363,-0.013932020029141089,8,3,1
2,per_ticker_cap_5_per_year,33,-0.0021177529973230016,-0.004356387421418858,-0.07384887566787413,0.30303030303030304,-0.1660145217699841,0.29689136545041594,0.696969696969697,0.30303030303030304,0.0,0.0,4.363636363636363,-0.013932020029141089,8,3,1
2,equal_ticker_weighted,33,0.03184764700854186,0.02927854672394092,0.02270915310712664,0.3974358974358974,-0.1660145217699841,0.29689136545041594,0.6025641025641025,0.3974358974358974,0.0,0.0,4.796153846153846,-0.013932020029141089,8,3,1
3,base,21,-0.015217392619955456,-0.017086277267756172,-0.07384887566787413,0.23809523809523808,-0.13844028760567428,0.2763157853024887,0.7619047619047619,0.23809523809523808,0.0,0.0,4.619047619047619,-0.030708435331349215,7,3,2
3,excluding_mstr,21,-0.015217392619955456,-0.017086277267756172,-0.07384887566787413,0.23809523809523808,-0.13844028760567428,0.2763157853024887,0.7619047619047619,0.23809523809523808,0.0,0.0,4.619047619047619,-0.030708435331349215,7,3,2
3,excluding_most_selected_ticker,17,0.00573339413839391,0.0036925427294000187,-0.07103008948800504,0.29411764705882354,-0.13844028760567428,0.2763157853024887,0.7058823529411765,0.29411764705882354,0.0,0.0,4.705882352941177,-0.012036478600269025,7,3,2
3,excluding_top3_selected_tickers,10,0.040263603778473864,0.037741238562035984,-0.0456768150306881,0.4,-0.13844028760567428,0.2763157853024887,0.6,0.4,0.0,0.0,5.7,0.013561722401806123,6,3,2
3,per_ticker_cap_10_full_period,21,-0.015217392619955456,-0.017086277267756172,-0.07384887566787413,0.23809523809523808,-0.13844028760567428,0.2763157853024887,0.7619047619047619,0.23809523809523808,0.0,0.0,4.619047619047619,-0.030708435331349215,7,3,2
3,per_ticker_cap_5_per_year,21,-0.015217392619955456,-0.017086277267756172,-0.07384887566787413,0.23809523809523808,-0.13844028760567428,0.2763157853024887,0.7619047619047619,0.23809523809523808,0.0,0.0,4.619047619047619,-0.030708435331349215,7,3,2
3,equal_ticker_weighted,21,0.02335194870326298,0.022500008244709425,0.015569718390479765,0.3409090909090909,-0.13844028760567428,0.2763157853024887,0.6590909090909091,0.3409090909090909,0.0,0.0,5.166666666666666,-0.030708435331349215,7,3,2
4,base,13,0.008989016512080216,0.005271000427982504,-0.07384887566787413,0.3076923076923077,-0.13844028760567428,0.2763157853024887,0.6923076923076923,0.3076923076923077,0.0,0.0,5.230769230769231,-0.01556948987002768,7,3,3
4,excluding_mstr,13,0.008989016512080216,0.005271000427982504,-0.07384887566787413,0.3076923076923077,-0.13844028760567428,0.2763157853024887,0.6923076923076923,0.3076923076923077,0.0,0.0,5.230769230769231,-0.01556948987002768,7,3,3
4,excluding_most_selected_ticker,10,0.04078748423454866,0.036587032507922265,-0.0715734469656068,0.4,-0.13844028760567428,0.2763157853024887,0.6,0.4,0.0,0.0,5.5,0.012279271230568663,6,3,3
4,excluding_top3_selected_tickers,6,0.08521214901122015,0.08519302428710529,0.05414292249158842,0.5,-0.07384887566787413,0.2763157853024887,0.5,0.5,0.0,0.0,8.0,0.0511602523437054,5,3,3
4,per_ticker_cap_10_full_period,13,0.008989016512080216,0.005271000427982504,-0.07384887566787413,0.3076923076923077,-0.13844028760567428,0.2763157853024887,0.6923076923076923,0.3076923076923077,0.0,0.0,5.230769230769231,-0.01556948987002768,7,3,3
4,per_ticker_cap_5_per_year,13,0.008989016512080216,0.005271000427982504,-0.07384887566787413,0.3076923076923077,-0.13844028760567428,0.2763157853024887,0.6923076923076923,0.3076923076923077,0.0,0.0,5.230769230769231,-0.01556948987002768,7,3,3
4,equal_ticker_weighted,13,0.05431836206798967,0.05055031204922348,0.053663597055139595,0.4375,-0.13844028760567428,0.2763157853024887,0.5625,0.4375,0.0,0.0,6.229166666666666,-0.01556948987002768,7,3,3
5,base,6,-0.03746446964542721,-0.04310041702351427,-0.08584361590182654,0.16666666666666666,-0.13844028760567428,0.2763157853024887,0.8333333333333334,0.16666666666666666,0.0,0.0,5.166666666666667,-0.10279187722903807,4,1,1
5,excluding_mstr,6,-0.03746446964542721,-0.04310041702351427,-0.08584361590182654,0.16666666666666666,-0.13844028760567428,0.2763157853024887,0.8333333333333334,0.16666666666666666,0.0,0.0,5.166666666666667,-0.10279187722903807,4,1,1
5,excluding_most_selected_ticker,4,0.00789764809176774,0.005481127877178166,-0.07344341839981938,0.25,-0.09783835613577896,0.2763157853024887,0.75,0.25,0.0,0.0,7.0,-0.07781079083179736,3,1,1
5,excluding_top3_selected_tickers,2,-0.07344341839981938,-0.06205818801298474,-0.07344341839981938,0.0,-0.07384887566787413,-0.07303796113176464,1.0,0.0,0.0,0.0,5.0,-0.06693392616321103,2,0,0
5,per_ticker_cap_10_full_period,6,-0.03746446964542721,-0.04310041702351427,-0.08584361590182654,0.16666666666666666,-0.13844028760567428,0.2763157853024887,0.8333333333333334,0.16666666666666666,0.0,0.0,5.166666666666667,-0.10279187722903807,4,1,1
5,per_ticker_cap_5_per_year,6,-0.03746446964542721,-0.04310041702351427,-0.08584361590182654,0.16666666666666666,-0.13844028760567428,0.2763157853024887,0.8333333333333334,0.16666666666666666,0.0,0.0,5.166666666666667,-0.10279187722903807,4,1,1
5,equal_ticker_weighted,6,-0.019319622550549233,-0.023667799063237294,-0.019319622550549233,0.2,-0.13844028760567428,0.2763157853024887,0.8,0.2,0.0,0.0,5.9,-0.10279187722903807,4,1,1
6,base,10,-0.06433511222158438,-0.06804760637921549,-0.10156696484254829,0.1,-0.13844028760567428,0.2763157853024887,0.9,0.1,0.0,0.0,4.1,-0.10398143864402884,5,1,0
6,excluding_mstr,10,-0.06433511222158438,-0.06804760637921549,-0.10156696484254829,0.1,-0.13844028760567428,0.2763157853024887,0.9,0.1,0.0,0.0,4.1,-0.10398143864402884,5,1,0
6,excluding_most_selected_ticker,7,-0.0431932811550787,-0.045755022758409446,-0.07384887566787413,0.14285714285714285,-0.13844028760567428,0.2763157853024887,0.8571428571428571,0.14285714285714285,0.0,0.0,5.285714285714286,-0.09594034055216182,5,1,1
6,excluding_top3_selected_tickers,3,0.03266075020713547,0.03008330755676225,-0.07303796113176464,0.3333333333333333,-0.10529557354931762,0.2763157853024887,0.6666666666666666,0.3333333333333333,0.0,0.0,7.333333333333333,-0.08255348066690898,3,1,1
6,per_ticker_cap_10_full_period,10,-0.06433511222158438,-0.06804760637921549,-0.10156696484254829,0.1,-0.13844028760567428,0.2763157853024887,0.9,0.1,0.0,0.0,4.1,-0.10398143864402884,5,1,0
6,per_ticker_cap_5_per_year,10,-0.06433511222158438,-0.06804760637921549,-0.10156696484254829,0.1,-0.13844028760567428,0.2763157853024887,0.9,0.1,0.0,0.0,4.1,-0.10398143864402884,5,1,0
6,equal_ticker_weighted,10,-0.03597523501813942,-0.0391802088578421,-0.037148046446839576,0.16666666666666666,-0.13844028760567428,0.2763157853024887,0.8333333333333334,0.16666666666666666,0.0,0.0,5.138888888888888,-0.10398143864402884,5,1,0
7,base,5,-0.024803886680893728,-0.031035639595009636,-0.07384887566787413,0.2,-0.13844028760567428,0.2763157853024887,0.8,0.2,0.0,0.0,6.4,-0.10263377049478822,3,1,1
7,excluding_mstr,5,-0.024803886680893728,-0.031035639595009636,-0.07384887566787413,0.2,-0.13844028760567428,0.2763157853024887,0.8,0.2,0.0,0.0,6.4,-0.10263377049478822,3,1,1
7,excluding_most_selected_ticker,3,0.04411932561172186,0.04178293855825003,-0.07010893279944896,0.3333333333333333,-0.07384887566787413,0.2763157853024887,0.6666666666666666,0.3333333333333333,0.0,0.0,9.666666666666666,-0.06500403416467732,2,1,1
7,excluding_top3_selected_tickers,0,,,,,,,,,,,,,0,0,0
7,per_ticker_cap_10_full_period,5,-0.024803886680893728,-0.031035639595009636,-0.07384887566787413,0.2,-0.13844028760567428,0.2763157853024887,0.8,0.2,0.0,0.0,6.4,-0.10263377049478822,3,1,1
7,per_ticker_cap_5_per_year,5,-0.024803886680893728,-0.031035639595009636,-0.07384887566787413,0.2,-0.13844028760567428,0.2763157853024887,0.8,0.2,0.0,0.0,6.4,-0.10263377049478822,3,1,1
7,equal_ticker_weighted,5,0.025382725316336674,0.016696447671509424,0.025382725316336674,0.3333333333333333,-0.13844028760567428,0.2763157853024887,0.6666666666666666,0.3333333333333333,0.0,0.0,8.166666666666666,-0.10263377049478822,3,1,1
8,base,5,-0.024803886680893728,-0.031035639595009636,-0.07384887566787413,0.2,-0.13844028760567428,0.2763157853024887,0.8,0.2,0.0,0.0,6.4,-0.10263377049478822,3,1,1
8,excluding_mstr,5,-0.024803886680893728,-0.031035639595009636,-0.07384887566787413,0.2,-0.13844028760567428,0.2763157853024887,0.8,0.2,0.0,0.0,6.4,-0.10263377049478822,3,1,1
8,excluding_most_selected_ticker,3,0.04411932561172186,0.04178293855825003,-0.07010893279944896,0.3333333333333333,-0.07384887566787413,0.2763157853024887,0.6666666666666666,0.3333333333333333,0.0,0.0,9.666666666666666,-0.06500403416467732,2,1,1
8,excluding_top3_selected_tickers,0,,,,,,,,,,,,,0,0,0
8,per_ticker_cap_10_full_period,5,-0.024803886680893728,-0.031035639595009636,-0.07384887566787413,0.2,-0.13844028760567428,0.2763157853024887,0.8,0.2,0.0,0.0,6.4,-0.10263377049478822,3,1,1
8,per_ticker_cap_5_per_year,5,-0.024803886680893728,-0.031035639595009636,-0.07384887566787413,0.2,-0.13844028760567428,0.2763157853024887,0.8,0.2,0.0,0.0,6.4,-0.10263377049478822,3,1,1
8,equal_ticker_weighted,5,0.025382725316336674,0.016696447671509424,0.025382725316336674,0.3333333333333333,-0.13844028760567428,0.2763157853024887,0.6666666666666666,0.3333333333333333,0.0,0.0,8.166666666666666,-0.10263377049478822,3,1,1
9,base,19,0.006736673895060362,0.004051959171068077,-0.07384887566787413,0.3157894736842105,-0.1660145217699841,0.2763157853024887,0.6842105263157895,0.3157894736842105,0.0,0.0,4.421052631578948,-0.009909425541878403,8,4,2
9,excluding_mstr,19,0.006736673895060362,0.004051959171068077,-0.07384887566787413,0.3157894736842105,-0.1660145217699841,0.2763157853024887,0.6842105263157895,0.3157894736842105,0.0,0.0,4.421052631578948,-0.009909425541878403,8,4,2
9,excluding_most_selected_ticker,15,0.03463564121460053,0.03121388823492906,-0.07010893279944896,0.4,-0.1660145217699841,0.2763157853024887,0.6,0.4,0.0,0.0,4.666666666666667,0.015203674251416515,7,4,2
9,excluding_top3_selected_tickers,9,0.04589360607319678,0.038660610241424385,-0.02575908201259014,0.4444444444444444,-0.1660145217699841,0.2763157853024887,0.5555555555555556,0.4444444444444444,0.0,0.0,5.555555555555555,0.01157357602108934,6,3,2
9,per_ticker_cap_10_full_period,19,0.006736673895060362,0.004051959171068077,-0.07384887566787413,0.3157894736842105,-0.1660145217699841,0.2763157853024887,0.6842105263157895,0.3157894736842105,0.0,0.0,4.421052631578948,-0.009909425541878403,8,4,2
9,per_ticker_cap_5_per_year,19,0.006736673895060362,0.004051959171068077,-0.07384887566787413,0.3157894736842105,-0.1660145217699841,0.2763157853024887,0.6842105263157895,0.3157894736842105,0.0,0.0,4.421052631578948,-0.009909425541878403,8,4,2
9,equal_ticker_weighted,19,0.042507230467313015,0.038227632396341485,0.049954217169722884,0.41666666666666663,-0.1660145217699841,0.2763157853024887,0.5833333333333333,0.41666666666666663,0.0,0.0,5.366666666666666,-0.009909425541878403,8,4,2
10,base,11,-0.01732461392238233,-0.023446808039964077,-0.07777853685858194,0.2727272727272727,-0.1465470188634116,0.2763157853024887,0.7272727272727273,0.18181818181818182,0.0,0.09090909090909091,5.363636363636363,-0.051327177244370956,7,3,1
10,excluding_mstr,11,-0.01732461392238233,-0.023446808039964077,-0.07777853685858194,0.2727272727272727,-0.1465470188634116,0.2763157853024887,0.7272727272727273,0.18181818181818182,0.0,0.09090909090909091,5.363636363636363,-0.051327177244370956,7,3,1
10,excluding_most_selected_ticker,9,0.007311850788158732,0.0025124583566881555,-0.07384887566787413,0.3333333333333333,-0.1465470188634116,0.2763157853024887,0.6666666666666666,0.2222222222222222,0.0,0.1111111111111111,6.222222222222222,-0.029093094849238915,6,3,1
10,excluding_top3_selected_tickers,7,-0.04497852854409566,-0.04336255250485906,-0.07777853685858194,0.14285714285714285,-0.1465470188634116,0.27355810058129415,0.8571428571428571,0.14285714285714285,0.0,0.0,2.7142857142857144,-0.09649620191339908,5,1,0
10,per_ticker_cap_10_full_period,11,-0.01732461392238233,-0.023446808039964077,-0.07777853685858194,0.2727272727272727,-0.1465470188634116,0.2763157853024887,0.7272727272727273,0.18181818181818182,0.0,0.09090909090909091,5.363636363636363,-0.051327177244370956,7,3,1
10,per_ticker_cap_5_per_year,11,-0.01732461392238233,-0.023446808039964077,-0.07777853685858194,0.2727272727272727,-0.1465470188634116,0.2763157853024887,0.7272727272727273,0.18181818181818182,0.0,0.09090909090909091,5.363636363636363,-0.051327177244370956,7,3,1
10,equal_ticker_weighted,11,-0.006238204802638853,-0.011765138161470573,-0.006238204802638853,0.3,-0.1465470188634116,0.2763157853024887,0.7,0.2,0.0,0.1,5.75,-0.051327177244370956,7,3,1
11,base,32,-0.01713816448972329,-0.023129339568324823,-0.07581370626322803,0.3125,-0.1465470188634116,0.2763157853024887,0.6875,0.21875,0.0,0.09375,7.0,-0.03211276613517739,8,2,1
11,excluding_mstr,32,-0.01713816448972329,-0.023129339568324823,-0.07581370626322803,0.3125,-0.1465470188634116,0.2763157853024887,0.6875,0.21875,0.0,0.09375,7.0,-0.03211276613517739,8,2,1
11,excluding_most_selected_ticker,27,-0.030628685238071985,-0.03443993166066092,-0.09783835613577896,0.2222222222222222,-0.1465470188634116,0.2763157853024887,0.7777777777777778,0.2222222222222222,0.0,0.0,5.407407407407407,-0.04558596303238268,7,1,0
11,excluding_top3_selected_tickers,18,-0.010013624182461921,-0.012655777530618417,-0.07380051692081974,0.2777777777777778,-0.1465470188634116,0.2763157853024887,0.7222222222222222,0.2777777777777778,0.0,0.0,5.611111111111111,-0.02842122820913154,7,3,0
11,per_ticker_cap_10_full_period,32,-0.01713816448972329,-0.023129339568324823,-0.07581370626322803,0.3125,-0.1465470188634116,0.2763157853024887,0.6875,0.21875,0.0,0.09375,7.0,-0.03211276613517739,8,2,1
11,per_ticker_cap_5_per_year,32,-0.01713816448972329,-0.023129339568324823,-0.07581370626322803,0.3125,-0.1465470188634116,0.2763157853024887,0.6875,0.21875,0.0,0.09375,7.0,-0.03211276613517739,8,2,1
11,equal_ticker_weighted,32,-0.012725454577655919,-0.015865329484376797,-0.019908408513400637,0.28928571428571426,-0.1465470188634116,0.2763157853024887,0.7107142857142856,0.24642857142857144,0.0,0.04285714285714286,5.710714285714286,-0.03211276613517739,8,2,1
12,base,32,-0.01713816448972329,-0.023129339568324823,-0.07581370626322803,0.3125,-0.1465470188634116,0.2763157853024887,0.6875,0.21875,0.0,0.09375,7.0,-0.03211276613517739,8,2,1
12,excluding_mstr,32,-0.01713816448972329,-0.023129339568324823,-0.07581370626322803,0.3125,-0.1465470188634116,0.2763157853024887,0.6875,0.21875,0.0,0.09375,7.0,-0.03211276613517739,8,2,1
12,excluding_most_selected_ticker,27,-0.030628685238071985,-0.03443993166066092,-0.09783835613577896,0.2222222222222222,-0.1465470188634116,0.2763157853024887,0.7777777777777778,0.2222222222222222,0.0,0.0,5.407407407407407,-0.04558596303238268,7,1,0
12,excluding_top3_selected_tickers,18,-0.010013624182461921,-0.012655777530618417,-0.07380051692081974,0.2777777777777778,-0.1465470188634116,0.2763157853024887,0.7222222222222222,0.2777777777777778,0.0,0.0,5.611111111111111,-0.02842122820913154,7,3,0
12,per_ticker_cap_10_full_period,32,-0.01713816448972329,-0.023129339568324823,-0.07581370626322803,0.3125,-0.1465470188634116,0.2763157853024887,0.6875,0.21875,0.0,0.09375,7.0,-0.03211276613517739,8,2,1
12,per_ticker_cap_5_per_year,32,-0.01713816448972329,-0.023129339568324823,-0.07581370626322803,0.3125,-0.1465470188634116,0.2763157853024887,0.6875,0.21875,0.0,0.09375,7.0,-0.03211276613517739,8,2,1
12,equal_ticker_weighted,32,-0.012725454577655919,-0.015865329484376797,-0.019908408513400637,0.28928571428571426,-0.1465470188634116,0.2763157853024887,0.7107142857142856,0.24642857142857144,0.0,0.04285714285714286,5.710714285714286,-0.03211276613517739,8,2,1
13,base,21,-0.05575751801773817,-0.059916947100648155,-0.09783835613577896,0.19047619047619047,-0.1465470188634116,0.2763157853024887,0.8095238095238095,0.09523809523809523,0.0,0.09523809523809523,6.190476190476191,-0.07568063865588581,8,1,1
13,excluding_mstr,21,-0.05575751801773817,-0.059916947100648155,-0.09783835613577896,0.19047619047619047,-0.1465470188634116,0.2763157853024887,0.8095238095238095,0.09523809523809523,0.0,0.09523809523809523,6.190476190476191,-0.07568063865588581,8,1,1
13,excluding_most_selected_ticker,18,-0.0694762550680245,-0.07327376215813741,-0.10326831847452017,0.1111111111111111,-0.1465470188634116,0.2763157853024887,0.8888888888888888,0.1111111111111111,0.0,0.0,4.444444444444445,-0.09260497663826929,7,0,0
13,excluding_top3_selected_tickers,13,-0.050245925142654906,-0.052169984670260475,-0.07777853685858194,0.15384615384615385,-0.1465470188634116,0.2763157853024887,0.8461538461538461,0.15384615384615385,0.0,0.0,5.615384615384615,-0.07779722372645757,6,0,0
13,per_ticker_cap_10_full_period,21,-0.05575751801773817,-0.059916947100648155,-0.09783835613577896,0.19047619047619047,-0.1465470188634116,0.2763157853024887,0.8095238095238095,0.09523809523809523,0.0,0.09523809523809523,6.190476190476191,-0.07568063865588581,8,1,1
13,per_ticker_cap_5_per_year,21,-0.05575751801773817,-0.059916947100648155,-0.09783835613577896,0.19047619047619047,-0.1465470188634116,0.2763157853024887,0.8095238095238095,0.09523809523809523,0.0,0.09523809523809523,6.190476190476191,-0.07568063865588581,8,1,1
13,equal_ticker_weighted,21,-0.045185867057242285,-0.0499136700499852,-0.04501133967386681,0.20512820512820512,-0.1465470188634116,0.2763157853024887,0.7948717948717948,0.15384615384615385,0.0,0.05128205128205128,6.076923076923077,-0.07568063865588581,8,1,1
14,base,20,-0.06644004220392766,-0.0690799329842308,-0.09953970976775084,0.15,-0.1465470188634116,0.2763157853024887,0.85,0.05,0.0,0.1,5.6,-0.08615555493098533,8,1,1
14,excluding_mstr,20,-0.06644004220392766,-0.0690799329842308,-0.09953970976775084,0.15,-0.1465470188634116,0.2763157853024887,0.85,0.05,0.0,0.1,5.6,-0.08615555493098533,8,1,1
14,excluding_most_selected_ticker,17,-0.08285091511355835,-0.0848394405539693,-0.10529557354931762,0.058823529411764705,-0.1465470188634116,0.2763157853024887,0.9411764705882353,0.058823529411764705,0.0,0.0,3.6470588235294117,-0.10610171083884892,7,0,0
14,excluding_top3_selected_tickers,12,-0.06759083271338041,-0.06679604760703259,-0.08950980012915233,0.08333333333333333,-0.1465470188634116,0.2763157853024887,0.9166666666666666,0.08333333333333333,0.0,0.0,4.583333333333333,-0.09608267775349963,6,0,0
14,per_ticker_cap_10_full_period,20,-0.06644004220392766,-0.0690799329842308,-0.09953970976775084,0.15,-0.1465470188634116,0.2763157853024887,0.85,0.05,0.0,0.1,5.6,-0.08615555493098533,8,1,1
14,per_ticker_cap_5_per_year,20,-0.06644004220392766,-0.0690799329842308,-0.09953970976775084,0.15,-0.1465470188634116,0.2763157853024887,0.85,0.05,0.0,0.1,5.6,-0.08615555493098533,8,1,1
14,equal_ticker_weighted,20,-0.06210910312085008,-0.06435170676840103,-0.061920031788859985,0.13888888888888887,-0.1465470188634116,0.2763157853024887,0.861111111111111,0.08333333333333333,0.0,0.05555555555555555,5.083333333333333,-0.08615555493098533,8,1,1
15,base,10,-0.0492220586658292,-0.05373828184730696,-0.07581370626322803,0.2,-0.13844028760567428,0.2763157853024887,0.8,0.1,0.0,0.1,6.4,-0.08808218916413048,6,2,1
15,excluding_mstr,10,-0.0492220586658292,-0.05373828184730696,-0.07581370626322803,0.2,-0.13844028760567428,0.2763157853024887,0.8,0.1,0.0,0.1,6.4,-0.08808218916413048,6,2,1
15,excluding_most_selected_ticker,8,-0.029480397052332227,-0.03210697560290891,-0.07380051692081974,0.25,-0.13388823237098613,0.2763157853024887,0.75,0.125,0.0,0.125,7.625,-0.07317324126105372,5,2,1
15,excluding_top3_selected_tickers,5,-0.025549199358279307,-0.0285591178709391,-0.07777853685858194,0.2,-0.13388823237098613,0.2763157853024887,0.8,0.2,0.0,0.0,5.8,-0.09953811833970005,3,1,0
15,per_ticker_cap_10_full_period,10,-0.0492220586658292,-0.05373828184730696,-0.07581370626322803,0.2,-0.13844028760567428,0.2763157853024887,0.8,0.1,0.0,0.1,6.4,-0.08808218916413048,6,2,1
15,per_ticker_cap_5_per_year,10,-0.0492220586658292,-0.05373828184730696,-0.07581370626322803,0.2,-0.13844028760567428,0.2763157853024887,0.8,0.1,0.0,0.1,6.4,-0.08808218916413048,6,2,1
15,equal_ticker_weighted,10,-0.036506622163101674,-0.04151440968543664,-0.036506622163101674,0.25,-0.13844028760567428,0.2763157853024887,0.75,0.125,0.0,0.125,7.0625,-0.08808218916413048,6,2,1
16,base,8,-0.049274122890920966,-0.050931464208946745,-0.07581370626322803,0.125,-0.13844028760567428,0.2763157853024887,0.875,0.125,0.0,0.0,4.875,-0.09468694252509695,5,1,1
16,excluding_mstr,8,-0.049274122890920966,-0.050931464208946745,-0.07581370626322803,0.125,-0.13844028760567428,0.2763157853024887,0.875,0.125,0.0,0.0,4.875,-0.09468694252509695,5,1,1
16,excluding_most_selected_ticker,6,-0.022969262147955583,-0.021154116670295948,-0.07380051692081974,0.16666666666666666,-0.1186428546905518,0.2763157853024887,0.8333333333333334,0.16666666666666666,0.0,0.0,6.0,-0.07645631680517609,4,1,1
16,excluding_top3_selected_tickers,3,-0.09005784990763303,-0.08409117189884192,-0.07777853685858194,0.0,-0.1186428546905518,-0.07375215817376535,1.0,0.0,0.0,0.0,2.3333333333333335,-0.09227134225378614,2,0,0
16,per_ticker_cap_10_full_period,8,-0.049274122890920966,-0.050931464208946745,-0.07581370626322803,0.125,-0.13844028760567428,0.2763157853024887,0.875,0.125,0.0,0.0,4.875,-0.09468694252509695,5,1,1
16,per_ticker_cap_5_per_year,8,-0.049274122890920966,-0.050931464208946745,-0.07581370626322803,0.125,-0.13844028760567428,0.2763157853024887,0.875,0.125,0.0,0.0,4.875,-0.09468694252509695,5,1,1
16,equal_ticker_weighted,8,-0.03233756229564818,-0.03369736211366625,-0.03233756229564818,0.16666666666666666,-0.13844028760567428,0.2763157853024887,0.8333333333333334,0.16666666666666666,0.0,0.0,5.25,-0.09468694252509695,5,1,1
17,base,38,-0.013075196475144763,-0.017653826443880447,-0.07581370626322803,0.3157894736842105,-0.1660145217699841,0.29689136545041594,0.6842105263157895,0.23684210526315788,0.0,0.07894736842105263,5.7894736842105265,-0.026294844889004042,9,3,1
17,excluding_mstr,38,-0.013075196475144763,-0.017653826443880447,-0.07581370626322803,0.3157894736842105,-0.1660145217699841,0.29689136545041594,0.6842105263157895,0.23684210526315788,0.0,0.07894736842105263,5.7894736842105265,-0.026294844889004042,9,3,1
17,excluding_most_selected_ticker,33,0.0007976762049953083,-0.004133701166433412,-0.07010893279944896,0.36363636363636365,-0.1660145217699841,0.29689136545041594,0.6363636363636364,0.2727272727272727,0.0,0.09090909090909091,5.636363636363637,-0.013702374828687348,9,3,1
17,excluding_top3_selected_tickers,26,0.0019282635442948,-0.0032242668108028835,-0.06352639541247218,0.38461538461538464,-0.1660145217699841,0.29689136545041594,0.6153846153846154,0.2692307692307692,0.0,0.11538461538461539,6.3076923076923075,-0.0154357917242627,8,3,1
17,per_ticker_cap_10_full_period,38,-0.013075196475144763,-0.017653826443880447,-0.07581370626322803,0.3157894736842105,-0.1660145217699841,0.29689136545041594,0.6842105263157895,0.23684210526315788,0.0,0.07894736842105263,5.7894736842105265,-0.026294844889004042,9,3,1
17,per_ticker_cap_5_per_year,38,-0.013075196475144763,-0.017653826443880447,-0.07581370626322803,0.3157894736842105,-0.1660145217699841,0.29689136545041594,0.6842105263157895,0.23684210526315788,0.0,0.07894736842105263,5.7894736842105265,-0.026294844889004042,9,3,1
17,equal_ticker_weighted,38,-0.004990283174529302,-0.009527191136231676,-0.0009614151700102422,0.34375,-0.1660145217699841,0.29689136545041594,0.65625,0.24999999999999997,0.0,0.09375,5.690625,-0.026294844889004042,9,3,1
18,base,37,-0.011688522219035095,-0.015917961018476198,-0.07777853685858194,0.32432432432432434,-0.1660145217699841,0.29689136545041594,0.6756756756756757,0.24324324324324326,0.0,0.08108108108108109,5.8108108108108105,-0.024750789269703106,9,3,1
18,excluding_mstr,37,-0.011688522219035095,-0.015917961018476198,-0.07777853685858194,0.32432432432432434,-0.1660145217699841,0.29689136545041594,0.6756756756756757,0.24324324324324326,0.0,0.08108108108108109,5.8108108108108105,-0.024750789269703106,9,3,1
18,excluding_most_selected_ticker,32,0.0028345455848764883,-0.0017041028533895282,-0.07193054548660716,0.375,-0.1660145217699841,0.29689136545041594,0.625,0.28125,0.0,0.09375,5.65625,-0.011503069268843789,9,3,1
18,excluding_top3_selected_tickers,25,-0.01521239048875259,-0.01903091904107663,-0.07375215817376535,0.32,-0.1660145217699841,0.29689136545041594,0.68,0.2,0.0,0.12,5.76,-0.03240986800219201,8,2,1
18,per_ticker_cap_10_full_period,37,-0.011688522219035095,-0.015917961018476198,-0.07777853685858194,0.32432432432432434,-0.1660145217699841,0.29689136545041594,0.6756756756756757,0.24324324324324326,0.0,0.08108108108108109,5.8108108108108105,-0.024750789269703106,9,3,1
18,per_ticker_cap_5_per_year,37,-0.011688522219035095,-0.015917961018476198,-0.07777853685858194,0.32432432432432434,-0.1660145217699841,0.29689136545041594,0.6756756756756757,0.24324324324324326,0.0,0.08108108108108109,5.8108108108108105,-0.024750789269703106,9,3,1
18,equal_ticker_weighted,37,-0.005513776011569924,-0.009436538481164412,-0.0016946191244208916,0.34375,-0.1660145217699841,0.29689136545041594,0.65625,0.24999999999999997,0.0,0.09375,5.669791666666667,-0.024750789269703106,9,3,1
19,base,36,0.014840677900715742,0.007454213668791152,-0.0688498809321767,0.4166666666666667,-0.14803594413552457,0.37756383973188923,0.5833333333333334,0.3055555555555556,0.0,0.1111111111111111,7.666666666666667,-0.0027836244348142546,9,5,2
19,excluding_mstr,36,0.014840677900715742,0.007454213668791152,-0.0688498809321767,0.4166666666666667,-0.14803594413552457,0.37756383973188923,0.5833333333333334,0.3055555555555556,0.0,0.1111111111111111,7.666666666666667,-0.0027836244348142546,9,5,2
19,excluding_most_selected_ticker,30,0.012901907293633611,0.004989635635002628,-0.07581370626322803,0.4,-0.14803594413552457,0.37756383973188923,0.6,0.3,0.0,0.1,7.333333333333333,-0.007451361318789708,8,5,1
19,excluding_top3_selected_tickers,21,0.009707315942224737,0.007130130800562694,-0.07777853685858194,0.3333333333333333,-0.14803594413552457,0.37756383973188923,0.6666666666666666,0.2857142857142857,0.0,0.047619047619047616,5.285714285714286,-0.01080229002415819,8,4,1
19,per_ticker_cap_10_full_period,36,0.014840677900715742,0.007454213668791152,-0.0688498809321767,0.4166666666666667,-0.14803594413552457,0.37756383973188923,0.5833333333333334,0.3055555555555556,0.0,0.1111111111111111,7.666666666666667,-0.0027836244348142546,9,5,2
19,per_ticker_cap_5_per_year,36,0.014840677900715742,0.007454213668791152,-0.0688498809321767,0.4166666666666667,-0.14803594413552457,0.37756383973188923,0.5833333333333334,0.3055555555555556,0.0,0.1111111111111111,7.666666666666667,-0.0027836244348142546,9,5,2
19,equal_ticker_weighted,36,0.02933989370455725,0.023806803639352066,0.008974997180465938,0.43333333333333335,-0.14803594413552457,0.37756383973188923,0.5666666666666667,0.3352941176470588,0.0,0.09803921568627451,7.329411764705882,-0.0027836244348142546,9,5,2
20,base,19,0.0175637213384465,0.013167752278865673,-0.07384887566787413,0.3684210526315789,-0.1465470188634116,0.37756383973188923,0.631578947368421,0.3157894736842105,0.0,0.05263157894736842,6.473684210526316,-0.006421736333140699,8,3,2
20,excluding_mstr,19,0.0175637213384465,0.013167752278865673,-0.07384887566787413,0.3684210526315789,-0.1465470188634116,0.37756383973188923,0.631578947368421,0.3157894736842105,0.0,0.05263157894736842,6.473684210526316,-0.006421736333140699,8,3,2
20,excluding_most_selected_ticker,17,0.006729235703572697,0.00587698438621266,-0.07777853685858194,0.29411764705882354,-0.1465470188634116,0.37756383973188923,0.7058823529411765,0.29411764705882354,0.0,0.0,5.0,-0.016616863295585323,8,3,2
20,excluding_top3_selected_tickers,13,0.010750584333222495,0.012700844159359091,-0.07384887566787413,0.3076923076923077,-0.1186428546905518,0.2763157853024887,0.6923076923076923,0.3076923076923077,0.0,0.0,5.846153846153846,-0.007520492494369711,8,3,1
20,per_ticker_cap_10_full_period,19,0.0175637213384465,0.013167752278865673,-0.07384887566787413,0.3684210526315789,-0.1465470188634116,0.37756383973188923,0.631578947368421,0.3157894736842105,0.0,0.05263157894736842,6.473684210526316,-0.006421736333140699,8,3,2
20,per_ticker_cap_5_per_year,19,0.0175637213384465,0.013167752278865673,-0.07384887566787413,0.3684210526315789,-0.1465470188634116,0.37756383973188923,0.631578947368421,0.3157894736842105,0.0,0.05263157894736842,6.473684210526316,-0.006421736333140699,8,3,2
20,equal_ticker_weighted,19,0.01320633346263917,0.011713359878446728,0.01320633346263917,0.3333333333333333,-0.1465470188634116,0.37756383973188923,0.6666666666666666,0.3,0.0,0.03333333333333333,5.9,-0.006421736333140699,8,3,2
21,base,44,0.013353059641019498,0.004077709142572696,-0.06735318521143246,0.4318181818181818,-0.17274292873974562,0.37756383973188923,0.5681818181818182,0.25,0.022727272727272728,0.1590909090909091,9.022727272727273,-0.0043339382563205055,9,4,3
21,excluding_mstr,44,0.013353059641019498,0.004077709142572696,-0.06735318521143246,0.4318181818181818,-0.17274292873974562,0.37756383973188923,0.5681818181818182,0.25,0.022727272727272728,0.1590909090909091,9.022727272727273,-0.0043339382563205055,9,4,3
21,excluding_most_selected_ticker,36,-0.0049237982501584565,-0.011824243994314797,-0.073395059652765,0.3333333333333333,-0.17274292873974562,0.37756383973188923,0.6666666666666666,0.25,0.027777777777777776,0.05555555555555555,7.222222222222222,-0.022612895174008944,9,3,2
21,excluding_top3_selected_tickers,26,-0.010576209904881766,-0.017466872732274687,-0.08780844649718045,0.3076923076923077,-0.17274292873974562,0.37756383973188923,0.6923076923076923,0.23076923076923078,0.038461538461538464,0.038461538461538464,7.038461538461538,-0.03279668953336489,7,3,2
21,per_ticker_cap_10_full_period,44,0.013353059641019498,0.004077709142572696,-0.06735318521143246,0.4318181818181818,-0.17274292873974562,0.37756383973188923,0.5681818181818182,0.25,0.022727272727272728,0.1590909090909091,9.022727272727273,-0.0043339382563205055,9,4,3
21,per_ticker_cap_5_per_year,41,0.008367135374686151,-0.0013503983348968779,-0.06908379692571942,0.4146341463414634,-0.17274292873974562,0.37756383973188923,0.5853658536585366,0.2682926829268293,0.024390243902439025,0.12195121951219512,8.463414634146341,-0.010528621975643809,9,4,3
21,equal_ticker_weighted,44,0.013518666357936701,0.005492484687274004,0.00428865415965432,0.38657407407407407,-0.17274292873974562,0.37756383973188923,0.6134259259259259,0.23148148148148145,0.05555555555555555,0.09953703703703703,8.039351851851851,-0.0043339382563205055,9,4,3
22,base,45,0.011256841565438562,0.00299641981646256,-0.06759082906490443,0.4222222222222222,-0.17274292873974562,0.37756383973188923,0.5777777777777777,0.24444444444444444,0.022222222222222223,0.15555555555555556,8.933333333333334,-0.0052486285353219335,9,4,3
22,excluding_mstr,45,0.011256841565438562,0.00299641981646256,-0.06759082906490443,0.4222222222222222,-0.17274292873974562,0.37756383973188923,0.5777777777777777,0.24444444444444444,0.022222222222222223,0.15555555555555556,8.933333333333334,-0.0052486285353219335,9,4,3
22,excluding_most_selected_ticker,37,-0.006979283534211548,-0.01270954308993827,-0.07375215817376535,0.32432432432432434,-0.17274292873974562,0.37756383973188923,0.6756756756756757,0.24324324324324326,0.02702702702702703,0.05405405405405406,7.162162162162162,-0.02322310115618601,9,3,2
22,excluding_top3_selected_tickers,27,-0.004874911125142909,-0.011637868421847948,-0.07777853685858194,0.3333333333333333,-0.13844028760567428,0.29603453102668054,0.6666666666666666,0.25925925925925924,0.037037037037037035,0.037037037037037035,6.925925925925926,-0.02289130095810458,8,3,2
22,per_ticker_cap_10_full_period,45,0.011256841565438562,0.00299641981646256,-0.06759082906490443,0.4222222222222222,-0.17274292873974562,0.37756383973188923,0.5777777777777777,0.24444444444444444,0.022222222222222223,0.15555555555555556,8.933333333333334,-0.0052486285353219335,9,4,3
22,per_ticker_cap_5_per_year,42,0.00623989991909546,-0.0023796819586465547,-0.06959636486258419,0.40476190476190477,-0.17274292873974562,0.37756383973188923,0.5952380952380952,0.2619047619047619,0.023809523809523808,0.11904761904761904,8.380952380952381,-0.011359150964832575,9,4,3
22,equal_ticker_weighted,45,0.008545223193828303,0.0028570744125551973,-0.0001989988887550052,0.3662280701754386,-0.17274292873974562,0.37756383973188923,0.6337719298245613,0.2192982456140351,0.05263157894736842,0.09429824561403509,7.87938596491228,-0.0052486285353219335,9,4,3
23,base,21,0.03330775509571877,0.023843221350863374,-0.03328125817435135,0.47619047619047616,-0.13844028760567428,0.37756383973188923,0.5238095238095238,0.2857142857142857,0.0,0.19047619047619047,9.428571428571429,0.006746455053657524,7,4,3
23,excluding_mstr,21,0.03330775509571877,0.023843221350863374,-0.03328125817435135,0.47619047619047616,-0.13844028760567428,0.37756383973188923,0.5238095238095238,0.2857142857142857,0.0,0.19047619047619047,9.428571428571429,0.006746455053657524,7,4,3
23,excluding_most_selected_ticker,15,0.011810465975862328,0.005549349366204844,-0.07375215817376535,0.3333333333333333,-0.13844028760567428,0.37756383973188923,0.6666666666666666,0.26666666666666666,0.0,0.06666666666666667,6.733333333333333,-0.020181307628707696,7,3,2
23,excluding_top3_selected_tickers,11,0.03238691836312439,0.02726088937510516,-0.07010893279944896,0.36363636363636365,-0.13388823237098613,0.37756383973188923,0.6363636363636364,0.2727272727272727,0.0,0.09090909090909091,6.909090909090909,-0.006590876416882363,7,3,2
23,per_ticker_cap_10_full_period,21,0.03330775509571877,0.023843221350863374,-0.03328125817435135,0.47619047619047616,-0.13844028760567428,0.37756383973188923,0.5238095238095238,0.2857142857142857,0.0,0.19047619047619047,9.428571428571429,0.006746455053657524,7,4,3
23,per_ticker_cap_5_per_year,20,0.03799996722989131,0.026338839011807495,0.0012896853328552282,0.5,-0.13844028760567428,0.37756383973188923,0.5,0.3,0.0,0.2,9.4,0.008473591207429977,7,4,3
23,equal_ticker_weighted,21,0.032748955995782536,0.025087457483600133,0.035097764760592634,0.4102564102564103,-0.13844028760567428,0.37756383973188923,0.5897435897435898,0.2948717948717948,0.0,0.11538461538461539,7.58974358974359,0.006746455053657524,7,4,3
24,base,20,0.039021980538510845,0.02726439794502571,0.0012896853328552282,0.5,-0.13844028760567428,0.37756383973188923,0.5,0.3,0.0,0.2,9.65,0.009447863768712305,7,4,3
24,excluding_mstr,20,0.039021980538510845,0.02726439794502571,0.0012896853328552282,0.5,-0.13844028760567428,0.37756383973188923,0.5,0.3,0.0,0.2,9.65,0.009447863768712305,7,4,3
24,excluding_most_selected_ticker,14,0.018438124528432694,0.009130039358961142,-0.07193054548660716,0.35714285714285715,-0.13844028760567428,0.37756383973188923,0.6428571428571429,0.2857142857142857,0.0,0.07142857142857142,6.857142857142857,-0.018304461251501876,6,3,2
24,excluding_top3_selected_tickers,10,0.04372328557544911,0.034445009365854005,-0.051695095486900156,0.4,-0.13388823237098613,0.37756383973188923,0.6,0.3,0.0,0.1,7.1,-0.0023698281818267017,6,3,2
24,per_ticker_cap_10_full_period,20,0.039021980538510845,0.02726439794502571,0.0012896853328552282,0.5,-0.13844028760567428,0.37756383973188923,0.5,0.3,0.0,0.2,9.65,0.009447863768712305,7,4,3
24,per_ticker_cap_5_per_year,19,0.044261899913576264,0.030071425829922803,0.0358606288400618,0.5263157894736842,-0.13844028760567428,0.37756383973188923,0.47368421052631576,0.3157894736842105,0.0,0.21052631578947367,9.631578947368421,0.011421030192975159,7,4,3
24,equal_ticker_weighted,20,0.04222609847544132,0.03089310481826542,0.044770641303985594,0.4444444444444445,-0.13844028760567428,0.37756383973188923,0.5555555555555556,0.3194444444444444,0.0,0.125,7.805555555555556,0.009447863768712305,7,4,3
25,base,20,0.022310420162365268,0.016538230805628985,-0.07380051692081974,0.4,-0.1465470188634116,0.37756383973188923,0.6,0.35,0.0,0.05,6.65,-0.0018428384832842475,8,4,3
25,excluding_mstr,20,0.022310420162365268,0.016538230805628985,-0.07380051692081974,0.4,-0.1465470188634116,0.37756383973188923,0.6,0.35,0.0,0.05,6.65,-0.0018428384832842475,8,4,3
25,excluding_most_selected_ticker,17,0.0062762851748184465,0.00579445597525836,-0.07777853685858194,0.29411764705882354,-0.1465470188634116,0.37756383973188923,0.7058823529411765,0.29411764705882354,0.0,0.0,5.0588235294117645,-0.016704549732224266,8,3,2
25,excluding_top3_selected_tickers,13,0.015365708111323002,0.017923336590951407,-0.07384887566787413,0.3076923076923077,-0.1465470188634116,0.37756383973188923,0.6923076923076923,0.3076923076923077,0.0,0.0,4.846153846153846,-0.01106459763438434,8,2,2
25,per_ticker_cap_10_full_period,20,0.022310420162365268,0.016538230805628985,-0.07380051692081974,0.4,-0.1465470188634116,0.37756383973188923,0.6,0.35,0.0,0.05,6.65,-0.0018428384832842475,8,4,3
25,per_ticker_cap_5_per_year,20,0.022310420162365268,0.016538230805628985,-0.07380051692081974,0.4,-0.1465470188634116,0.37756383973188923,0.6,0.35,0.0,0.05,6.65,-0.0018428384832842475,8,4,3
25,equal_ticker_weighted,20,0.008017748982774834,0.007397361611550928,0.008146506728846802,0.32142857142857145,-0.1465470188634116,0.37756383973188923,0.6785714285714286,0.29761904761904756,0.0,0.023809523809523808,5.44047619047619,-0.0018428384832842475,8,4,3
26,base,87,0.0029550138783507266,-0.001024741187633578,-0.07010893279944896,0.3793103448275862,-0.18917412554063606,0.37756383973188923,0.6091954022988506,0.28735632183908044,0.011494252873563218,0.09195402298850575,7.2298850574712645,-0.005289895704873275,9,3,2
26,excluding_mstr,87,0.0029550138783507266,-0.001024741187633578,-0.07010893279944896,0.3793103448275862,-0.18917412554063606,0.37756383973188923,0.6091954022988506,0.28735632183908044,0.011494252873563218,0.09195402298850575,7.2298850574712645,-0.005289895704873275,9,3,2
26,excluding_most_selected_ticker,78,0.00014740748000364906,-0.003635234852325452,-0.07581370626322803,0.358974358974359,-0.18917412554063606,0.37756383973188923,0.6282051282051282,0.28205128205128205,0.01282051282051282,0.07692307692307693,6.961538461538462,-0.008432816438654098,9,3,2
26,excluding_top3_selected_tickers,62,0.0001013052319056806,-0.004251797430638012,-0.070569511143727,0.3709677419354839,-0.18917412554063606,0.29603453102668054,0.6129032258064516,0.27419354838709675,0.016129032258064516,0.0967741935483871,7.225806451612903,-0.00892725931508822,9,4,3
26,per_ticker_cap_10_full_period,87,0.0029550138783507266,-0.001024741187633578,-0.07010893279944896,0.3793103448275862,-0.18917412554063606,0.37756383973188923,0.6091954022988506,0.28735632183908044,0.011494252873563218,0.09195402298850575,7.2298850574712645,-0.005289895704873275,9,3,2
26,per_ticker_cap_5_per_year,82,0.004568937904356179,0.0006782691883907823,-0.070569511143727,0.3780487804878049,-0.18917412554063606,0.37756383973188923,0.6097560975609756,0.3048780487804878,0.012195121951219513,0.07317073170731707,6.939024390243903,-0.003829141652431313,9,3,2
26,equal_ticker_weighted,87,0.007025642354439318,0.003990233321997103,-0.015118196491266144,0.3637566137566138,-0.18917412554063606,0.37756383973188923,0.6154100529100529,0.24735449735449735,0.041666666666666664,0.09556878306878307,6.941798941798942,-0.005289895704873275,9,3,2
27,base,58,0.018356080362981836,0.011805449870968973,-0.06735318521143246,0.43103448275862066,-0.17274292873974562,0.37756383973188923,0.5689655172413793,0.3103448275862069,0.017241379310344827,0.10344827586206896,8.293103448275861,0.005595395530196843,9,3,2
27,excluding_mstr,58,0.018356080362981836,0.011805449870968973,-0.06735318521143246,0.43103448275862066,-0.17274292873974562,0.37756383973188923,0.5689655172413793,0.3103448275862069,0.017241379310344827,0.10344827586206896,8.293103448275861,0.005595395530196843,9,3,2
27,excluding_most_selected_ticker,51,0.01176230509223738,0.006988266941212018,-0.07103008948800504,0.37254901960784315,-0.17274292873974562,0.37756383973188923,0.6274509803921569,0.3137254901960784,0.0196078431372549,0.0392156862745098,7.137254901960785,-0.00018753866586334933,9,3,2
27,excluding_top3_selected_tickers,37,0.02747719893026185,0.022936241133198487,-0.07103008948800504,0.40540540540540543,-0.17274292873974562,0.37756383973188923,0.5945945945945946,0.35135135135135137,0.02702702702702703,0.02702702702702703,6.756756756756757,0.013412843739815652,8,3,2
27,per_ticker_cap_10_full_period,58,0.018356080362981836,0.011805449870968973,-0.06735318521143246,0.43103448275862066,-0.17274292873974562,0.37756383973188923,0.5689655172413793,0.3103448275862069,0.017241379310344827,0.10344827586206896,8.293103448275861,0.005595395530196843,9,3,2
27,per_ticker_cap_5_per_year,56,0.017504500810505277,0.010512240887743305,-0.06833731299531193,0.42857142857142855,-0.17274292873974562,0.37756383973188923,0.5714285714285714,0.32142857142857145,0.017857142857142856,0.08928571428571429,8.053571428571429,0.0040528534985208135,9,3,2
27,equal_ticker_weighted,58,0.038727247711965944,0.03251471841629277,0.025314073448249774,0.4576441102756891,-0.17274292873974562,0.37756383973188923,0.5423558897243108,0.31478696741854634,0.05263157894736842,0.09022556390977443,7.8464912280701755,0.005595395530196843,9,3,2
28,base,85,0.017317767614490855,0.011571977213929895,-0.0569438580254954,0.4235294117647059,-0.17274292873974562,0.37756383973188923,0.5764705882352941,0.3176470588235294,0.023529411764705882,0.08235294117647059,7.729411764705882,0.007355232332012627,10,4,3
28,excluding_mstr,84,0.018529574325100728,0.012820908554045959,-0.05042199811506698,0.42857142857142855,-0.17274292873974562,0.37756383973188923,0.5714285714285714,0.32142857142857145,0.023809523809523808,0.08333333333333333,7.773809523809524,0.008568406882468436,10,4,3
28,excluding_most_selected_ticker,75,0.010110923405099842,0.005236790197278964,-0.06053648758773211,0.4,-0.17274292873974562,0.37756383973188923,0.6,0.30666666666666664,0.013333333333333334,0.08,7.653333333333333,0.00036460429055326876,9,3,2
28,excluding_top3_selected_tickers,59,0.006395517240152402,0.0032622027119281177,-0.06438214395120245,0.3559322033898305,-0.13844028760567428,0.29603453102668054,0.6440677966101694,0.3050847457627119,0.01694915254237288,0.03389830508474576,6.576271186440678,-0.0015255416813287177,9,3,2
28,per_ticker_cap_10_full_period,85,0.017317767614490855,0.011571977213929895,-0.0569438580254954,0.4235294117647059,-0.17274292873974562,0.37756383973188923,0.5764705882352941,0.3176470588235294,0.023529411764705882,0.08235294117647059,7.729411764705882,0.007355232332012627,10,4,3
28,per_ticker_cap_5_per_year,79,0.016731607436374578,0.010730189948543502,-0.0569438580254954,0.4177215189873418,-0.1681943943312465,0.37756383973188923,0.5822784810126582,0.3291139240506329,0.02531645569620253,0.06329113924050633,7.367088607594937,0.006178287931281491,10,4,3
28,equal_ticker_weighted,85,0.003986508828672533,0.00211508518392474,-0.00930182950908973,0.35801282051282046,-0.17274292873974562,0.37756383973188923,0.6419871794871794,0.2605769230769231,0.023076923076923075,0.07435897435897436,6.747115384615385,0.007355232332012627,10,4,3
29,base,53,-0.00939293329739473,-0.014506389128711992,-0.07303796113176464,0.33962264150943394,-0.17274292873974562,0.37756383973188923,0.660377358490566,0.20754716981132076,0.018867924528301886,0.11320754716981132,7.679245283018868,-0.021819560983013762,10,4,3
29,excluding_mstr,52,-0.007949066705484276,-0.01299039170126762,-0.0715734469656068,0.34615384615384615,-0.17274292873974562,0.37756383973188923,0.6538461538461539,0.21153846153846154,0.019230769230769232,0.11538461538461539,7.75,-0.020417233642370518,10,4,3
29,excluding_most_selected_ticker,46,-0.013387349544583746,-0.018372984332510434,-0.07937764530935237,0.32608695652173914,-0.17274292873974562,0.37756383973188923,0.6739130434782609,0.1956521739130435,0.021739130434782608,0.10869565217391304,7.521739130434782,-0.02690968503534356,9,3,2
29,excluding_top3_selected_tickers,34,-0.020621147036559494,-0.02282557329121841,-0.08272537491843057,0.2647058823529412,-0.13844028760567428,0.29603453102668054,0.7352941176470589,0.17647058823529413,0.029411764705882353,0.058823529411764705,5.794117647058823,-0.032030935437037895,9,2,1
29,per_ticker_cap_10_full_period,53,-0.00939293329739473,-0.014506389128711992,-0.07303796113176464,0.33962264150943394,-0.17274292873974562,0.37756383973188923,0.660377358490566,0.20754716981132076,0.018867924528301886,0.11320754716981132,7.679245283018868,-0.021819560983013762,10,4,3
29,per_ticker_cap_5_per_year,52,-0.008409403407195934,-0.014284028691417629,-0.073395059652765,0.34615384615384615,-0.17274292873974562,0.37756383973188923,0.6538461538461539,0.21153846153846154,0.019230769230769232,0.11538461538461539,7.634615384615385,-0.021736236063699937,10,4,3
29,equal_ticker_weighted,53,-0.02635007875219264,-0.02792966024841089,-0.03762236541535277,0.2543290043290043,-0.17274292873974562,0.37756383973188923,0.7456709956709957,0.11904761904761905,0.045454545454545456,0.08982683982683982,6.930194805194804,-0.021819560983013762,10,4,3
30,base,28,0.011572019874776133,0.0070354941358822375,-0.073395059652765,0.39285714285714285,-0.14803594413552457,0.37756383973188923,0.6071428571428571,0.32142857142857145,0.0,0.07142857142857142,6.321428571428571,-0.0062512856107510275,9,4,2
30,excluding_mstr,27,0.015129279724832224,0.010753040413352668,-0.07303796113176464,0.4074074074074074,-0.14803594413552457,0.37756383973188923,0.5925925925925926,0.3333333333333333,0.0,0.07407407407407407,6.407407407407407,-0.0029017867744022432,9,4,2
30,excluding_most_selected_ticker,25,0.009641427190431146,0.004503396605601697,-0.07303796113176464,0.4,-0.13844028760567428,0.2763157853024887,0.6,0.32,0.0,0.08,6.76,-0.005948832036002595,9,3,2
30,excluding_top3_selected_tickers,19,-0.03914261423726054,-0.03887334413696775,-0.07777853685858194,0.21052631578947367,-0.13844028760567428,0.2763157853024887,0.7894736842105263,0.15789473684210525,0.0,0.05263157894736842,5.631578947368421,-0.055219467922582886,9,1,0
30,per_ticker_cap_10_full_period,28,0.011572019874776133,0.0070354941358822375,-0.073395059652765,0.39285714285714285,-0.14803594413552457,0.37756383973188923,0.6071428571428571,0.32142857142857145,0.0,0.07142857142857142,6.321428571428571,-0.0062512856107510275,9,4,2
30,per_ticker_cap_5_per_year,28,0.011572019874776133,0.0070354941358822375,-0.073395059652765,0.39285714285714285,-0.14803594413552457,0.37756383973188923,0.6071428571428571,0.32142857142857145,0.0,0.07142857142857142,6.321428571428571,-0.0062512856107510275,9,4,2
30,equal_ticker_weighted,28,-0.0242466885705355,-0.02470879454208671,-0.0341817728677463,0.2549019607843137,-0.14803594413552457,0.37756383973188923,0.7450980392156863,0.20588235294117646,0.0,0.04901960784313725,5.431372549019607,-0.0062512856107510275,9,4,2
31,base,26,0.034613696849291095,0.027394476913098813,-0.04690887288104173,0.46153846153846156,-0.13844028760567428,0.37756383973188923,0.5384615384615384,0.34615384615384615,0.0,0.11538461538461539,7.8076923076923075,0.013859114097823548,8,4,2
31,excluding_mstr,25,0.03937720456633228,0.032223786203855534,-0.03328125817435135,0.48,-0.13844028760567428,0.37756383973188923,0.52,0.36,0.0,0.12,7.96,0.018325671158392006,8,4,2
31,excluding_most_selected_ticker,21,0.025929709042908273,0.02089581848972046,-0.07375215817376535,0.38095238095238093,-0.13844028760567428,0.37756383973188923,0.6190476190476191,0.3333333333333333,0.0,0.047619047619047616,6.0,0.003651682049457461,8,3,1
31,excluding_top3_selected_tickers,15,-0.004220580325780802,-0.006814284563989485,-0.07384887566787413,0.26666666666666666,-0.13388823237098613,0.37756383973188923,0.7333333333333333,0.2,0.0,0.06666666666666667,7.0,-0.03342805826820162,8,2,0
31,per_ticker_cap_10_full_period,26,0.034613696849291095,0.027394476913098813,-0.04690887288104173,0.46153846153846156,-0.13844028760567428,0.37756383973188923,0.5384615384615384,0.34615384615384615,0.0,0.11538461538461539,7.8076923076923075,0.013859114097823548,8,4,2
31,per_ticker_cap_5_per_year,26,0.034613696849291095,0.027394476913098813,-0.04690887288104173,0.46153846153846156,-0.13844028760567428,0.37756383973188923,0.5384615384615384,0.34615384615384615,0.0,0.11538461538461539,7.8076923076923075,0.013859114097823548,8,4,2
31,equal_ticker_weighted,26,0.008061330761155373,0.0031659208288318287,0.010974792363125218,0.33125,-0.13844028760567428,0.37756383973188923,0.66875,0.24375,0.0,0.0875,6.8375,0.013859114097823548,8,4,2
32,base,26,0.034613696849291095,0.027394476913098813,-0.04690887288104173,0.46153846153846156,-0.13844028760567428,0.37756383973188923,0.5384615384615384,0.34615384615384615,0.0,0.11538461538461539,7.8076923076923075,0.013859114097823548,8,4,2
32,excluding_mstr,25,0.03937720456633228,0.032223786203855534,-0.03328125817435135,0.48,-0.13844028760567428,0.37756383973188923,0.52,0.36,0.0,0.12,7.96,0.018325671158392006,8,4,2
32,excluding_most_selected_ticker,21,0.025929709042908273,0.02089581848972046,-0.07375215817376535,0.38095238095238093,-0.13844028760567428,0.37756383973188923,0.6190476190476191,0.3333333333333333,0.0,0.047619047619047616,6.0,0.003651682049457461,8,3,1
32,excluding_top3_selected_tickers,15,-0.004220580325780802,-0.006814284563989485,-0.07384887566787413,0.26666666666666666,-0.13388823237098613,0.37756383973188923,0.7333333333333333,0.2,0.0,0.06666666666666667,7.0,-0.03342805826820162,8,2,0
32,per_ticker_cap_10_full_period,26,0.034613696849291095,0.027394476913098813,-0.04690887288104173,0.46153846153846156,-0.13844028760567428,0.37756383973188923,0.5384615384615384,0.34615384615384615,0.0,0.11538461538461539,7.8076923076923075,0.013859114097823548,8,4,2
32,per_ticker_cap_5_per_year,26,0.034613696849291095,0.027394476913098813,-0.04690887288104173,0.46153846153846156,-0.13844028760567428,0.37756383973188923,0.5384615384615384,0.34615384615384615,0.0,0.11538461538461539,7.8076923076923075,0.013859114097823548,8,4,2
32,equal_ticker_weighted,26,0.008061330761155373,0.0031659208288318287,0.010974792363125218,0.33125,-0.13844028760567428,0.37756383973188923,0.66875,0.24375,0.0,0.0875,6.8375,0.013859114097823548,8,4,2
33,base,98,0.018617535263945002,0.01342352080391242,-0.05787004066430762,0.41836734693877553,-0.1660145217699841,0.37756383973188923,0.5714285714285714,0.3163265306122449,0.02040816326530612,0.09183673469387756,6.836734693877551,0.009790994757612751,10,4,3
33,excluding_mstr,97,0.019680334556116997,0.014524157671538522,-0.05520359374088313,0.422680412371134,-0.1660145217699841,0.37756383973188923,0.5670103092783505,0.31958762886597936,0.020618556701030927,0.09278350515463918,6.865979381443299,0.01086525777962767,10,4,3
33,excluding_most_selected_ticker,86,0.013744243741263595,0.009429136147440943,-0.06138994473629211,0.3953488372093023,-0.1660145217699841,0.37756383973188923,0.5930232558139535,0.313953488372093,0.011627906976744186,0.08139534883720931,6.569767441860465,0.005236790133940478,9,3,2
33,excluding_top3_selected_tickers,67,0.004956721646908277,0.002160459640964415,-0.07303796113176464,0.34328358208955223,-0.1660145217699841,0.29603453102668054,0.6417910447761194,0.29850746268656714,0.014925373134328358,0.04477611940298507,5.701492537313433,-0.002063645175397102,9,3,2
33,per_ticker_cap_10_full_period,96,0.01657583092612169,0.011762971399523125,-0.05787004066430762,0.4166666666666667,-0.1660145217699841,0.37756383973188923,0.5729166666666666,0.3229166666666667,0.010416666666666666,0.09375,6.84375,0.008036491653255155,10,4,3
33,per_ticker_cap_5_per_year,88,0.015180954820626228,0.011048377614666106,-0.0646794716214063,0.3977272727272727,-0.1660145217699841,0.37756383973188923,0.5909090909090909,0.32954545454545453,0.011363636363636364,0.06818181818181818,6.4772727272727275,0.006971019342478585,10,4,3
33,equal_ticker_weighted,98,-0.0030862220326829874,-0.006210233959230151,-0.01250784154112894,0.3380952380952381,-0.1660145217699841,0.37756383973188923,0.644047619047619,0.25535714285714284,0.01488095238095238,0.08571428571428572,6.223214285714285,0.009790994757612751,10,4,3
34,base,66,0.004558072906943596,-0.0006667603608391652,-0.06115956754942181,0.3939393939393939,-0.1660145217699841,0.37756383973188923,0.6060606060606061,0.2878787878787879,0.0,0.10606060606060606,6.893939393939394,-0.006304380478621001,10,5,3
34,excluding_mstr,65,0.0059277970451540865,0.0007589549467759138,-0.05520359374088313,0.4,-0.1660145217699841,0.37756383973188923,0.6,0.2923076923076923,0.0,0.1076923076923077,6.938461538461539,-0.0049444761836647776,10,5,3
34,excluding_most_selected_ticker,57,-0.0013396253139283572,-0.00628666687231981,-0.07010893279944896,0.3684210526315789,-0.1660145217699841,0.37756383973188923,0.631578947368421,0.2631578947368421,0.0,0.10526315789473684,6.719298245614035,-0.012930688553878742,9,3,1
34,excluding_top3_selected_tickers,43,-0.005562732644001446,-0.006611398453494119,-0.07384887566787413,0.3023255813953488,-0.1660145217699841,0.37756383973188923,0.6976744186046512,0.2558139534883721,0.0,0.046511627906976744,5.186046511627907,-0.015477825733219703,9,3,0
34,per_ticker_cap_10_full_period,66,0.004558072906943596,-0.0006667603608391652,-0.06115956754942181,0.3939393939393939,-0.1660145217699841,0.37756383973188923,0.6060606060606061,0.2878787878787879,0.0,0.10606060606060606,6.893939393939394,-0.006304380478621001,10,5,3
34,per_ticker_cap_5_per_year,64,0.0023577094849556012,-0.0023466105750597644,-0.06735318521143246,0.375,-0.1660145217699841,0.37756383973188923,0.625,0.296875,0.0,0.078125,6.484375,-0.008189867049187385,10,5,3
34,equal_ticker_weighted,66,-0.006229304436763724,-0.008389305189810717,-0.009266690693130665,0.3325727513227513,-0.1660145217699841,0.37756383973188923,0.6674272486772486,0.24857804232804234,0.0,0.083994708994709,6.159325396825397,-0.006304380478621001,10,5,3
35,base,25,0.01825500085357526,0.014713282219246225,-0.07375215817376535,0.4,-0.1465470188634116,0.37756383973188923,0.6,0.32,0.0,0.08,6.52,8.556284109063432e-05,9,4,3
35,excluding_mstr,24,0.022535375725671658,0.019215429618207294,-0.058826148189201954,0.4166666666666667,-0.1465470188634116,0.37756383973188923,0.5833333333333334,0.3333333333333333,0.0,0.08333333333333333,6.625,0.004147467980086723,9,4,3
35,excluding_most_selected_ticker,22,0.005311975730181349,0.006162417770362184,-0.07581370626322803,0.3181818181818182,-0.1465470188634116,0.37756383973188923,0.6818181818181818,0.2727272727272727,0.0,0.045454545454545456,5.2727272727272725,-0.010962159826048206,9,3,1
35,excluding_top3_selected_tickers,18,-0.03113648577496153,-0.027988740836576362,-0.07937764530935237,0.2222222222222222,-0.13844028760567428,0.2763157853024887,0.7777777777777778,0.16666666666666666,0.0,0.05555555555555555,5.555555555555555,-0.044656130533087014,9,2,0
35,per_ticker_cap_10_full_period,25,0.01825500085357526,0.014713282219246225,-0.07375215817376535,0.4,-0.1465470188634116,0.37756383973188923,0.6,0.32,0.0,0.08,6.52,8.556284109063432e-05,9,4,3
35,per_ticker_cap_5_per_year,25,0.01825500085357526,0.014713282219246225,-0.07375215817376535,0.4,-0.1465470188634116,0.37756383973188923,0.6,0.32,0.0,0.08,6.52,8.556284109063432e-05,9,4,3
35,equal_ticker_weighted,25,-0.005402100432084056,-0.004316955142738378,-0.0052960646412012575,0.29411764705882354,-0.1465470188634116,0.37756383973188923,0.7058823529411765,0.24509803921568624,0.0,0.04901960784313725,5.3921568627450975,8.556284109063432e-05,9,4,3
36,base,51,0.0030031055338287367,-0.0022995733399804297,-0.0671155413579605,0.37254901960784315,-0.1578424360500411,0.37756383973188923,0.6274509803921569,0.27450980392156865,0.0,0.09803921568627451,7.2745098039215685,-0.009661135752679646,9,4,1
36,excluding_mstr,51,0.0030031055338287367,-0.0022995733399804297,-0.0671155413579605,0.37254901960784315,-0.1578424360500411,0.37756383973188923,0.6274509803921569,0.27450980392156865,0.0,0.09803921568627451,7.2745098039215685,-0.009661135752679646,9,4,1
36,excluding_most_selected_ticker,45,0.0035676794412004935,-0.0012463040409707077,-0.0569438580254954,0.37777777777777777,-0.1578424360500411,0.37756383973188923,0.6222222222222222,0.26666666666666666,0.0,0.1111111111111111,6.955555555555556,-0.009587777934969595,9,5,1
36,excluding_top3_selected_tickers,34,0.0060210406413013715,0.0005938577532131503,-0.042061754130168216,0.38235294117647056,-0.13844028760567428,0.2763157853024887,0.6176470588235294,0.2647058823529412,0.0,0.11764705882352941,6.5588235294117645,-0.007126233951359321,9,4,1
36,per_ticker_cap_10_full_period,51,0.0030031055338287367,-0.0022995733399804297,-0.0671155413579605,0.37254901960784315,-0.1578424360500411,0.37756383973188923,0.6274509803921569,0.27450980392156865,0.0,0.09803921568627451,7.2745098039215685,-0.009661135752679646,9,4,1
36,per_ticker_cap_5_per_year,51,0.0030031055338287367,-0.0022995733399804297,-0.0671155413579605,0.37254901960784315,-0.1578424360500411,0.37756383973188923,0.6274509803921569,0.27450980392156865,0.0,0.09803921568627451,7.2745098039215685,-0.009661135752679646,9,4,1
36,equal_ticker_weighted,51,-0.007866828254366865,-0.010830645917369893,-0.029647644882234744,0.31111111111111106,-0.1578424360500411,0.37756383973188923,0.6888888888888889,0.2206349206349206,0.0,0.09047619047619047,6.204761904761905,-0.009661135752679646,9,4,1
37,base,43,0.0066869104446582025,0.0032640925451772047,-0.06759082906490443,0.37209302325581395,-0.14803594413552457,0.37756383973188923,0.627906976744186,0.2558139534883721,0.023255813953488372,0.09302325581395349,7.069767441860465,-0.0053672039964847785,9,4,3
37,excluding_mstr,43,0.0066869104446582025,0.0032640925451772047,-0.06759082906490443,0.37209302325581395,-0.14803594413552457,0.37756383973188923,0.627906976744186,0.2558139534883721,0.023255813953488372,0.09302325581395349,7.069767441860465,-0.0053672039964847785,9,4,3
37,excluding_most_selected_ticker,38,-0.0009314960284021573,-0.004628409333788473,-0.06735318521143246,0.3684210526315789,-0.13844028760567428,0.2763157853024887,0.631578947368421,0.2631578947368421,0.0,0.10526315789473684,7.184210526315789,-0.011655038883461262,9,3,3
37,excluding_top3_selected_tickers,30,-0.017179839668975804,-0.019230956483700136,-0.0744134417110362,0.3,-0.13844028760567428,0.2763157853024887,0.7,0.2,0.0,0.1,6.233333333333333,-0.028699502707417543,9,2,1
37,per_ticker_cap_10_full_period,43,0.0066869104446582025,0.0032640925451772047,-0.06759082906490443,0.37209302325581395,-0.14803594413552457,0.37756383973188923,0.627906976744186,0.2558139534883721,0.023255813953488372,0.09302325581395349,7.069767441860465,-0.0053672039964847785,9,4,3
37,per_ticker_cap_5_per_year,43,0.0066869104446582025,0.0032640925451772047,-0.06759082906490443,0.37209302325581395,-0.14803594413552457,0.37756383973188923,0.627906976744186,0.2558139534883721,0.023255813953488372,0.09302325581395349,7.069767441860465,-0.0053672039964847785,9,4,3
37,equal_ticker_weighted,43,-0.01362367022441429,-0.014912497278091075,-0.0251375379095392,0.31014492753623185,-0.14803594413552457,0.37756383973188923,0.6898550724637681,0.21304347826086958,0.008695652173913044,0.08840579710144927,6.394202898550724,-0.0053672039964847785,9,4,3
38,base,43,0.0066869104446582025,0.0032640925451772047,-0.06759082906490443,0.37209302325581395,-0.14803594413552457,0.37756383973188923,0.627906976744186,0.2558139534883721,0.023255813953488372,0.09302325581395349,7.069767441860465,-0.0053672039964847785,9,4,3
38,excluding_mstr,43,0.0066869104446582025,0.0032640925451772047,-0.06759082906490443,0.37209302325581395,-0.14803594413552457,0.37756383973188923,0.627906976744186,0.2558139534883721,0.023255813953488372,0.09302325581395349,7.069767441860465,-0.0053672039964847785,9,4,3
38,excluding_most_selected_ticker,38,-0.0009314960284021573,-0.004628409333788473,-0.06735318521143246,0.3684210526315789,-0.13844028760567428,0.2763157853024887,0.631578947368421,0.2631578947368421,0.0,0.10526315789473684,7.184210526315789,-0.011655038883461262,9,3,3
38,excluding_top3_selected_tickers,30,-0.017179839668975804,-0.019230956483700136,-0.0744134417110362,0.3,-0.13844028760567428,0.2763157853024887,0.7,0.2,0.0,0.1,6.233333333333333,-0.028699502707417543,9,2,1
38,per_ticker_cap_10_full_period,43,0.0066869104446582025,0.0032640925451772047,-0.06759082906490443,0.37209302325581395,-0.14803594413552457,0.37756383973188923,0.627906976744186,0.2558139534883721,0.023255813953488372,0.09302325581395349,7.069767441860465,-0.0053672039964847785,9,4,3
38,per_ticker_cap_5_per_year,43,0.0066869104446582025,0.0032640925451772047,-0.06759082906490443,0.37209302325581395,-0.14803594413552457,0.37756383973188923,0.627906976744186,0.2558139534883721,0.023255813953488372,0.09302325581395349,7.069767441860465,-0.0053672039964847785,9,4,3
38,equal_ticker_weighted,43,-0.01362367022441429,-0.014912497278091075,-0.0251375379095392,0.31014492753623185,-0.14803594413552457,0.37756383973188923,0.6898550724637681,0.21304347826086958,0.008695652173913044,0.08840579710144927,6.394202898550724,-0.0053672039964847785,9,4,3
39,base,22,0.03998450986543337,0.03366872268854125,-0.03431426548011918,0.45454545454545453,-0.13844028760567428,0.37756383973188923,0.5454545454545454,0.4090909090909091,0.0,0.045454545454545456,7.045454545454546,0.01785396913585367,8,5,4
39,excluding_mstr,22,0.03998450986543337,0.03366872268854125,-0.03431426548011918,0.45454545454545453,-0.13844028760567428,0.37756383973188923,0.5454545454545454,0.4090909090909091,0.0,0.045454545454545456,7.045454545454546,0.01785396913585367,8,5,4
39,excluding_most_selected_ticker,20,0.02166779139473573,0.015833307364265508,-0.052728102792667986,0.4,-0.13844028760567428,0.37756383973188923,0.6,0.35,0.0,0.05,7.25,-0.0025848631584036953,7,4,3
39,excluding_top3_selected_tickers,16,0.052105690412604495,0.04545007682902894,0.01951723091648616,0.5,-0.1186428546905518,0.37756383973188923,0.5,0.4375,0.0,0.0625,8.125,0.02409484546463218,6,5,3
39,per_ticker_cap_10_full_period,22,0.03998450986543337,0.03366872268854125,-0.03431426548011918,0.45454545454545453,-0.13844028760567428,0.37756383973188923,0.5454545454545454,0.4090909090909091,0.0,0.045454545454545456,7.045454545454546,0.01785396913585367,8,5,4
39,per_ticker_cap_5_per_year,22,0.03998450986543337,0.03366872268854125,-0.03431426548011918,0.45454545454545453,-0.13844028760567428,0.37756383973188923,0.5454545454545454,0.4090909090909091,0.0,0.045454545454545456,7.045454545454546,0.01785396913585367,8,5,4
39,equal_ticker_weighted,22,0.03888882952085775,0.032820669269618394,0.03888882952085775,0.4411764705882353,-0.13844028760567428,0.37756383973188923,0.5588235294117647,0.38235294117647056,0.0,0.058823529411764705,7.088235294117647,0.01785396913585367,8,5,4
40,base,23,0.034725324490409194,0.03026659080937061,-0.03534727278588701,0.43478260869565216,-0.13844028760567428,0.37756383973188923,0.5652173913043478,0.391304347826087,0.0,0.043478260869565216,6.956521739130435,0.01501604733275199,8,5,3
40,excluding_mstr,23,0.034725324490409194,0.03026659080937061,-0.03534727278588701,0.43478260869565216,-0.13844028760567428,0.37756383973188923,0.5652173913043478,0.391304347826087,0.0,0.043478260869565216,6.956521739130435,0.01501604733275199,8,5,3
40,excluding_most_selected_ticker,21,0.016779955911171037,0.012956468416806042,-0.07010893279944896,0.38095238095238093,-0.13844028760567428,0.37756383973188923,0.6190476190476191,0.3333333333333333,0.0,0.047619047619047616,7.142857142857143,-0.004684635527102676,7,4,2
40,excluding_top3_selected_tickers,17,0.044277311343620535,0.04015417169012234,-0.03328125817435135,0.47058823529411764,-0.1186428546905518,0.37756383973188923,0.5294117647058824,0.4117647058823529,0.0,0.058823529411764705,7.9411764705882355,0.01980264821481871,6,5,2
40,per_ticker_cap_10_full_period,23,0.034725324490409194,0.03026659080937061,-0.03534727278588701,0.43478260869565216,-0.13844028760567428,0.37756383973188923,0.5652173913043478,0.391304347826087,0.0,0.043478260869565216,6.956521739130435,0.01501604733275199,8,5,3
40,per_ticker_cap_5_per_year,23,0.034725324490409194,0.03026659080937061,-0.03534727278588701,0.43478260869565216,-0.13844028760567428,0.37756383973188923,0.5652173913043478,0.391304347826087,0.0,0.043478260869565216,6.956521739130435,0.01501604733275199,8,5,3
40,equal_ticker_weighted,23,0.032229630449692154,0.028520614836173852,0.032229630449692154,0.4166666666666667,-0.13844028760567428,0.37756383973188923,0.5833333333333334,0.3611111111111111,0.0,0.05555555555555555,6.972222222222222,0.01501604733275199,8,5,3
41,base,71,-0.028473278084972558,-0.02856789650051225,-0.07436927519545655,0.2676056338028169,-0.18917412554063606,0.29689136545041594,0.7323943661971831,0.19718309859154928,0.0,0.07042253521126761,6.492957746478873,-0.0332912072508866,9,2,1
41,excluding_mstr,71,-0.028473278084972558,-0.02856789650051225,-0.07436927519545655,0.2676056338028169,-0.18917412554063606,0.29689136545041594,0.7323943661971831,0.19718309859154928,0.0,0.07042253521126761,6.492957746478873,-0.0332912072508866,9,2,1
41,excluding_most_selected_ticker,62,-0.033019694712756446,-0.034231586846239066,-0.08513439310947118,0.24193548387096775,-0.18917412554063606,0.29689136545041594,0.7580645161290323,0.22580645161290322,0.0,0.016129032258064516,5.532258064516129,-0.03974462689331993,8,1,0
41,excluding_top3_selected_tickers,48,-0.04211111111706951,-0.04144752984236372,-0.0885141568927364,0.20833333333333334,-0.18917412554063606,0.29689136545041594,0.7916666666666666,0.1875,0.0,0.020833333333333332,5.3125,-0.04875628273317342,8,1,0
41,per_ticker_cap_10_full_period,71,-0.028473278084972558,-0.02856789650051225,-0.07436927519545655,0.2676056338028169,-0.18917412554063606,0.29689136545041594,0.7323943661971831,0.19718309859154928,0.0,0.07042253521126761,6.492957746478873,-0.0332912072508866,9,2,1
41,per_ticker_cap_5_per_year,64,-0.023389028466794647,-0.025232819472233974,-0.07631873559998253,0.296875,-0.18917412554063606,0.29689136545041594,0.703125,0.21875,0.0,0.078125,6.5,-0.030428004797597892,9,2,2
41,equal_ticker_weighted,71,-0.017480288965532113,-0.01879082907975293,-0.04801018593160702,0.30345471521942113,-0.18917412554063606,0.29689136545041594,0.696545284780579,0.24789915966386555,0.0,0.05555555555555555,6.027964519140989,-0.0332912072508866,9,2,1
42,base,107,-0.0021841624696871285,-0.003047577790863448,-0.0671155413579605,0.34579439252336447,-0.18917412554063606,0.37756383973188923,0.6355140186915887,0.2523364485981308,0.009345794392523364,0.102803738317757,7.224299065420561,-0.006527069536956314,9,3,2
42,excluding_mstr,107,-0.0021841624696871285,-0.003047577790863448,-0.0671155413579605,0.34579439252336447,-0.18917412554063606,0.37756383973188923,0.6355140186915887,0.2523364485981308,0.009345794392523364,0.102803738317757,7.224299065420561,-0.006527069536956314,9,3,2
42,excluding_most_selected_ticker,93,-0.007809241587148482,-0.008149107352558813,-0.07375215817376535,0.3118279569892473,-0.18917412554063606,0.37756383973188923,0.6666666666666666,0.26881720430107525,0.010752688172043012,0.053763440860215055,6.268817204301075,-0.012213538381336412,9,3,2
42,excluding_top3_selected_tickers,72,-0.00909288076104811,-0.007675605190575491,-0.07631873559998253,0.2916666666666667,-0.18917412554063606,0.37756383973188923,0.6944444444444444,0.2638888888888889,0.013888888888888888,0.027777777777777776,5.736111111111111,-0.012935522831217124,9,3,2
42,per_ticker_cap_10_full_period,102,0.00030190203193636083,-0.0012823571266760714,-0.06901783100628117,0.3627450980392157,-0.18917412554063606,0.37756383973188923,0.6274509803921569,0.2647058823529412,0.00980392156862745,0.09803921568627451,7.098039215686274,-0.004916623507088511,9,3,2
42,per_ticker_cap_5_per_year,91,0.0029732276909661655,0.0011320880419589785,-0.07010893279944896,0.3626373626373626,-0.18917412554063606,0.37756383973188923,0.6153846153846154,0.2967032967032967,0.01098901098901099,0.07692307692307693,6.824175824175824,-0.002919539283074593,9,3,2
42,equal_ticker_weighted,107,-2.124449692383873e-05,0.0007917194063298788,-0.022679095452368462,0.3318614718614718,-0.18917412554063606,0.37756383973188923,0.6445021645021645,0.22671861471861474,0.04,0.08877922077922078,6.825103896103896,-0.006527069536956314,9,3,2
43,base,158,0.005813019123698817,0.0036199334803799083,-0.05659501095960723,0.37341772151898733,-0.18917412554063606,0.37756383973188923,0.6139240506329114,0.2974683544303797,0.012658227848101266,0.0759493670886076,7.094936708860759,0.0013131907172295866,10,4,3
43,excluding_mstr,156,0.007019515118722632,0.004931516421670875,-0.05612296525491134,0.3782051282051282,-0.18917412554063606,0.37756383973188923,0.6089743589743589,0.30128205128205127,0.01282051282051282,0.07692307692307693,7.134615384615385,0.00260347106119791,10,4,3
43,excluding_most_selected_ticker,140,0.0009163093547453538,-0.0010647319984506108,-0.06691620722298397,0.34285714285714286,-0.18917412554063606,0.37756383973188923,0.6428571428571429,0.3,0.014285714285714285,0.04285714285714286,6.478571428571429,-0.0037038922811371638,10,4,3
43,excluding_top3_selected_tickers,111,-0.001336876117168312,-0.0023331320479513438,-0.06438214395120245,0.32432432432432434,-0.18917412554063606,0.29603453102668054,0.6576576576576577,0.2972972972972973,0.009009009009009009,0.036036036036036036,6.324324324324325,-0.004908445771303852,9,4,2
43,per_ticker_cap_10_full_period,138,0.0038339447819561332,0.0012782059631608587,-0.06138994473629211,0.3695652173913043,-0.18917412554063606,0.37756383973188923,0.6231884057971014,0.2971014492753623,0.007246376811594203,0.07246376811594203,7.094202898550725,-0.0013823804699181152,10,4,3
43,per_ticker_cap_5_per_year,122,0.0006865943578311676,-0.0015774065688367634,-0.06331277291802728,0.3524590163934426,-0.18917412554063606,0.37756383973188923,0.639344262295082,0.30327868852459017,0.00819672131147541,0.04918032786885246,6.754098360655738,-0.004613406187545996,10,4,3
43,equal_ticker_weighted,158,-0.009694808523639287,-0.010799927379715385,-0.025091108261435915,0.3102747252747252,-0.18917412554063606,0.37756383973188923,0.6732417582417581,0.2664652014652014,0.009047619047619047,0.05124542124542124,6.744823826966684,0.0013131907172295866,10,4,3
44,base,203,0.021596605269383225,0.01828241219532124,-0.04736025815864664,0.4236453201970443,-0.18917412554063606,0.37756383973188923,0.5665024630541872,0.3399014778325123,0.024630541871921183,0.06896551724137931,6.9655172413793105,0.01656213429878827,10,4,3
44,excluding_mstr,198,0.019664334968333298,0.016516051636997146,-0.047750663457400644,0.41919191919191917,-0.18917412554063606,0.37756383973188923,0.5707070707070707,0.3333333333333333,0.025252525252525252,0.0707070707070707,7.055555555555555,0.01474314556766728,10,4,3
44,excluding_most_selected_ticker,181,0.01810938888576681,0.015126944709621296,-0.048150710568703126,0.40331491712707185,-0.18917412554063606,0.37756383973188923,0.585635359116022,0.3425414364640884,0.027624309392265192,0.04419889502762431,6.430939226519337,0.013178880250813743,10,4,3
44,excluding_top3_selected_tickers,144,0.009151878185979035,0.007237328382330478,-0.05354642102987889,0.3680555555555556,-0.18917412554063606,0.29603453102668054,0.6180555555555556,0.3263888888888889,0.013888888888888888,0.041666666666666664,6.444444444444445,0.00532324412262073,9,3,2
44,per_ticker_cap_10_full_period,168,0.01309849513235075,0.009935793857205088,-0.05038423182465168,0.39880952380952384,-0.18917412554063606,0.37756383973188923,0.5952380952380952,0.31547619047619047,0.017857142857142856,0.07142857142857142,7.119047619047619,0.007804998926439967,10,4,3
44,per_ticker_cap_5_per_year,151,0.014636912870060057,0.011737889127170158,-0.048150710568703126,0.39072847682119205,-0.18917412554063606,0.37756383973188923,0.6026490066225165,0.33112582781456956,0.019867549668874173,0.046357615894039736,6.741721854304636,0.00937761807271809,10,5,3
44,equal_ticker_weighted,203,-0.0005447544238472277,-0.004570466019886548,-0.01310816094042894,0.3376332001332001,-0.18917412554063606,0.37756383973188923,0.6477147852147852,0.2797244422244422,0.011294261294261294,0.06126651126651126,6.7524864024864035,0.01656213429878827,10,4,3
45,base,39,-0.01828082359956245,-0.017819010074215293,-0.0827199733970927,0.2564102564102564,-0.18917412554063606,0.29689136545041594,0.7435897435897436,0.2564102564102564,0.0,0.0,4.153846153846154,-0.026236980234739183,8,3,1
45,excluding_mstr,39,-0.01828082359956245,-0.017819010074215293,-0.0827199733970927,0.2564102564102564,-0.18917412554063606,0.29689136545041594,0.7435897435897436,0.2564102564102564,0.0,0.0,4.153846153846154,-0.026236980234739183,8,3,1
45,excluding_most_selected_ticker,32,-0.017775650974236376,-0.01656198882299482,-0.07410907543166534,0.25,-0.18917412554063606,0.29689136545041594,0.75,0.25,0.0,0.0,4.5625,-0.026840241882629897,8,3,1
45,excluding_top3_selected_tickers,23,-0.001259641287892794,0.000751841680887778,-0.07384887566787413,0.30434782608695654,-0.18917412554063606,0.29689136545041594,0.6956521739130435,0.30434782608695654,0.0,0.0,5.217391304347826,-0.012944158971148801,7,3,1
45,per_ticker_cap_10_full_period,39,-0.01828082359956245,-0.017819010074215293,-0.0827199733970927,0.2564102564102564,-0.18917412554063606,0.29689136545041594,0.7435897435897436,0.2564102564102564,0.0,0.0,4.153846153846154,-0.026236980234739183,8,3,1
45,per_ticker_cap_5_per_year,39,-0.01828082359956245,-0.017819010074215293,-0.0827199733970927,0.2564102564102564,-0.18917412554063606,0.29689136545041594,0.7435897435897436,0.2564102564102564,0.0,0.0,4.153846153846154,-0.026236980234739183,8,3,1
45,equal_ticker_weighted,39,0.013855413771305804,0.012764177569082867,-0.002912055673522314,0.3477891156462585,-0.18917412554063606,0.29689136545041594,0.6522108843537415,0.3477891156462585,0.0,0.0,4.795408163265306,-0.026236980234739183,8,3,1
46,base,71,-0.028473278084972558,-0.02856789650051225,-0.07436927519545655,0.2676056338028169,-0.18917412554063606,0.29689136545041594,0.7323943661971831,0.19718309859154928,0.0,0.07042253521126761,6.492957746478873,-0.0332912072508866,9,2,1
46,excluding_mstr,71,-0.028473278084972558,-0.02856789650051225,-0.07436927519545655,0.2676056338028169,-0.18917412554063606,0.29689136545041594,0.7323943661971831,0.19718309859154928,0.0,0.07042253521126761,6.492957746478873,-0.0332912072508866,9,2,1
46,excluding_most_selected_ticker,62,-0.033019694712756446,-0.034231586846239066,-0.08513439310947118,0.24193548387096775,-0.18917412554063606,0.29689136545041594,0.7580645161290323,0.22580645161290322,0.0,0.016129032258064516,5.532258064516129,-0.03974462689331993,8,1,0
46,excluding_top3_selected_tickers,48,-0.04211111111706951,-0.04144752984236372,-0.0885141568927364,0.20833333333333334,-0.18917412554063606,0.29689136545041594,0.7916666666666666,0.1875,0.0,0.020833333333333332,5.3125,-0.04875628273317342,8,1,0
46,per_ticker_cap_10_full_period,71,-0.028473278084972558,-0.02856789650051225,-0.07436927519545655,0.2676056338028169,-0.18917412554063606,0.29689136545041594,0.7323943661971831,0.19718309859154928,0.0,0.07042253521126761,6.492957746478873,-0.0332912072508866,9,2,1
46,per_ticker_cap_5_per_year,64,-0.023389028466794647,-0.025232819472233974,-0.07631873559998253,0.296875,-0.18917412554063606,0.29689136545041594,0.703125,0.21875,0.0,0.078125,6.5,-0.030428004797597892,9,2,2
46,equal_ticker_weighted,71,-0.017480288965532113,-0.01879082907975293,-0.04801018593160702,0.30345471521942113,-0.18917412554063606,0.29689136545041594,0.696545284780579,0.24789915966386555,0.0,0.05555555555555555,6.027964519140989,-0.0332912072508866,9,2,1
47,base,107,-0.0021841624696871285,-0.003047577790863448,-0.0671155413579605,0.34579439252336447,-0.18917412554063606,0.37756383973188923,0.6355140186915887,0.2523364485981308,0.009345794392523364,0.102803738317757,7.224299065420561,-0.006527069536956314,9,3,2
47,excluding_mstr,107,-0.0021841624696871285,-0.003047577790863448,-0.0671155413579605,0.34579439252336447,-0.18917412554063606,0.37756383973188923,0.6355140186915887,0.2523364485981308,0.009345794392523364,0.102803738317757,7.224299065420561,-0.006527069536956314,9,3,2
47,excluding_most_selected_ticker,93,-0.007809241587148482,-0.008149107352558813,-0.07375215817376535,0.3118279569892473,-0.18917412554063606,0.37756383973188923,0.6666666666666666,0.26881720430107525,0.010752688172043012,0.053763440860215055,6.268817204301075,-0.012213538381336412,9,3,2
47,excluding_top3_selected_tickers,72,-0.00909288076104811,-0.007675605190575491,-0.07631873559998253,0.2916666666666667,-0.18917412554063606,0.37756383973188923,0.6944444444444444,0.2638888888888889,0.013888888888888888,0.027777777777777776,5.736111111111111,-0.012935522831217124,9,3,2
47,per_ticker_cap_10_full_period,102,0.00030190203193636083,-0.0012823571266760714,-0.06901783100628117,0.3627450980392157,-0.18917412554063606,0.37756383973188923,0.6274509803921569,0.2647058823529412,0.00980392156862745,0.09803921568627451,7.098039215686274,-0.004916623507088511,9,3,2
47,per_ticker_cap_5_per_year,91,0.0029732276909661655,0.0011320880419589785,-0.07010893279944896,0.3626373626373626,-0.18917412554063606,0.37756383973188923,0.6153846153846154,0.2967032967032967,0.01098901098901099,0.07692307692307693,6.824175824175824,-0.002919539283074593,9,3,2
47,equal_ticker_weighted,107,-2.124449692383873e-05,0.0007917194063298788,-0.022679095452368462,0.3318614718614718,-0.18917412554063606,0.37756383973188923,0.6445021645021645,0.22671861471861474,0.04,0.08877922077922078,6.825103896103896,-0.006527069536956314,9,3,2
48,base,158,0.005813019123698817,0.0036199334803799083,-0.05659501095960723,0.37341772151898733,-0.18917412554063606,0.37756383973188923,0.6139240506329114,0.2974683544303797,0.012658227848101266,0.0759493670886076,7.094936708860759,0.0013131907172295866,10,4,3
48,excluding_mstr,156,0.007019515118722632,0.004931516421670875,-0.05612296525491134,0.3782051282051282,-0.18917412554063606,0.37756383973188923,0.6089743589743589,0.30128205128205127,0.01282051282051282,0.07692307692307693,7.134615384615385,0.00260347106119791,10,4,3
48,excluding_most_selected_ticker,140,0.0009163093547453538,-0.0010647319984506108,-0.06691620722298397,0.34285714285714286,-0.18917412554063606,0.37756383973188923,0.6428571428571429,0.3,0.014285714285714285,0.04285714285714286,6.478571428571429,-0.0037038922811371638,10,4,3
48,excluding_top3_selected_tickers,111,-0.001336876117168312,-0.0023331320479513438,-0.06438214395120245,0.32432432432432434,-0.18917412554063606,0.29603453102668054,0.6576576576576577,0.2972972972972973,0.009009009009009009,0.036036036036036036,6.324324324324325,-0.004908445771303852,9,4,2
48,per_ticker_cap_10_full_period,138,0.0038339447819561332,0.0012782059631608587,-0.06138994473629211,0.3695652173913043,-0.18917412554063606,0.37756383973188923,0.6231884057971014,0.2971014492753623,0.007246376811594203,0.07246376811594203,7.094202898550725,-0.0013823804699181152,10,4,3
48,per_ticker_cap_5_per_year,122,0.0006865943578311676,-0.0015774065688367634,-0.06331277291802728,0.3524590163934426,-0.18917412554063606,0.37756383973188923,0.639344262295082,0.30327868852459017,0.00819672131147541,0.04918032786885246,6.754098360655738,-0.004613406187545996,10,4,3
48,equal_ticker_weighted,158,-0.009694808523639287,-0.010799927379715385,-0.025091108261435915,0.3102747252747252,-0.18917412554063606,0.37756383973188923,0.6732417582417581,0.2664652014652014,0.009047619047619047,0.05124542124542124,6.744823826966684,0.0013131907172295866,10,4,3
49,base,203,0.021596605269383225,0.01828241219532124,-0.04736025815864664,0.4236453201970443,-0.18917412554063606,0.37756383973188923,0.5665024630541872,0.3399014778325123,0.024630541871921183,0.06896551724137931,6.9655172413793105,0.01656213429878827,10,4,3
49,excluding_mstr,198,0.019664334968333298,0.016516051636997146,-0.047750663457400644,0.41919191919191917,-0.18917412554063606,0.37756383973188923,0.5707070707070707,0.3333333333333333,0.025252525252525252,0.0707070707070707,7.055555555555555,0.01474314556766728,10,4,3
49,excluding_most_selected_ticker,181,0.01810938888576681,0.015126944709621296,-0.048150710568703126,0.40331491712707185,-0.18917412554063606,0.37756383973188923,0.585635359116022,0.3425414364640884,0.027624309392265192,0.04419889502762431,6.430939226519337,0.013178880250813743,10,4,3
49,excluding_top3_selected_tickers,144,0.009151878185979035,0.007237328382330478,-0.05354642102987889,0.3680555555555556,-0.18917412554063606,0.29603453102668054,0.6180555555555556,0.3263888888888889,0.013888888888888888,0.041666666666666664,6.444444444444445,0.00532324412262073,9,3,2
49,per_ticker_cap_10_full_period,168,0.01309849513235075,0.009935793857205088,-0.05038423182465168,0.39880952380952384,-0.18917412554063606,0.37756383973188923,0.5952380952380952,0.31547619047619047,0.017857142857142856,0.07142857142857142,7.119047619047619,0.007804998926439967,10,4,3
49,per_ticker_cap_5_per_year,151,0.014636912870060057,0.011737889127170158,-0.048150710568703126,0.39072847682119205,-0.18917412554063606,0.37756383973188923,0.6026490066225165,0.33112582781456956,0.019867549668874173,0.046357615894039736,6.741721854304636,0.00937761807271809,10,5,3
49,equal_ticker_weighted,203,-0.0005447544238472277,-0.004570466019886548,-0.01310816094042894,0.3376332001332001,-0.18917412554063606,0.37756383973188923,0.6477147852147852,0.2797244422244422,0.011294261294261294,0.06126651126651126,6.7524864024864035,0.01656213429878827,10,4,3
50,base,39,-0.01828082359956245,-0.017819010074215293,-0.0827199733970927,0.2564102564102564,-0.18917412554063606,0.29689136545041594,0.7435897435897436,0.2564102564102564,0.0,0.0,4.153846153846154,-0.026236980234739183,8,3,1
50,excluding_mstr,39,-0.01828082359956245,-0.017819010074215293,-0.0827199733970927,0.2564102564102564,-0.18917412554063606,0.29689136545041594,0.7435897435897436,0.2564102564102564,0.0,0.0,4.153846153846154,-0.026236980234739183,8,3,1
50,excluding_most_selected_ticker,32,-0.017775650974236376,-0.01656198882299482,-0.07410907543166534,0.25,-0.18917412554063606,0.29689136545041594,0.75,0.25,0.0,0.0,4.5625,-0.026840241882629897,8,3,1
50,excluding_top3_selected_tickers,23,-0.001259641287892794,0.000751841680887778,-0.07384887566787413,0.30434782608695654,-0.18917412554063606,0.29689136545041594,0.6956521739130435,0.30434782608695654,0.0,0.0,5.217391304347826,-0.012944158971148801,7,3,1
50,per_ticker_cap_10_full_period,39,-0.01828082359956245,-0.017819010074215293,-0.0827199733970927,0.2564102564102564,-0.18917412554063606,0.29689136545041594,0.7435897435897436,0.2564102564102564,0.0,0.0,4.153846153846154,-0.026236980234739183,8,3,1
50,per_ticker_cap_5_per_year,39,-0.01828082359956245,-0.017819010074215293,-0.0827199733970927,0.2564102564102564,-0.18917412554063606,0.29689136545041594,0.7435897435897436,0.2564102564102564,0.0,0.0,4.153846153846154,-0.026236980234739183,8,3,1
50,equal_ticker_weighted,39,0.013855413771305804,0.012764177569082867,-0.002912055673522314,0.3477891156462585,-0.18917412554063606,0.29689136545041594,0.6522108843537415,0.3477891156462585,0.0,0.0,4.795408163265306,-0.026236980234739183,8,3,1
